Airline_ID,Airline_Name,Contact_No
1,SpiceJet,8765866733
2,Akasa Air,8587435163
3,SpiceJet,8758852372
4,IndiGo,8181470067
5,Air India,8288763694
6,Akasa Air,8298836430
7,Air India,8105611454
8,Akasa Air,8286421089
9,IndiGo,8670389046
10,SpiceJet,8377956678
11,SpiceJet,8706837181
12,IndiGo,8230388937
13,Air India,8399865716
14,Air India,8307396295
15,SpiceJet,8461426362
16,Vistara,8352714015
17,Air India,8973453387
18,SpiceJet,8829563688
19,Akasa Air,8190255287
20,IndiGo,8904367176
21,SpiceJet,8982234569
22,Air India,8210237146
23,Vistara,8533748277
24,AirAsia India,8704006414
25,Vistara,8746232449
26,Air India,8260608576
27,Akasa Air,8999523168
28,IndiGo,8255083362
29,Air India,8841216111
30,AirAsia India,8177319394
31,Akasa Air,8567751082
32,SpiceJet,8765277180
33,Air India,8299112702
34,Vistara,8715841400
35,Akasa Air,8337176829
36,Vistara,8960497963
37,AirAsia India,8437280377
38,Air India,8527878144
39,AirAsia India,8181678005
40,Vistara,8719081115
41,Akasa Air,8820707536
42,SpiceJet,8722132017
43,SpiceJet,8346389886
44,AirAsia India,8233855766
45,AirAsia India,8141408736
46,Vistara,8986075829
47,Vistara,8432213456
48,Vistara,8142281941
49,Vistara,8712877613
50,Akasa Air,8603493295
51,SpiceJet,8545886160
52,AirAsia India,8616561007
53,Air India,8725097887
54,Vistara,8678639848
55,AirAsia India,8477392470
56,AirAsia India,8998002011
57,IndiGo,8993210384
58,Vistara,8521188712
59,Akasa Air,8342250710
60,AirAsia India,8395359478
61,Air India,8351950000
62,AirAsia India,8868860089
63,SpiceJet,8409473681
64,Vistara,8126802053
65,Vistara,8547360191
66,Vistara,8836111216
67,Vistara,8516977992
68,SpiceJet,8393542290
69,AirAsia India,8230064734
70,Air India,8840148695
71,Vistara,8712961670
72,AirAsia India,8297075797
73,Vistara,8399153176
74,Vistara,8808006159
75,Air India,8563526915
76,AirAsia India,8258998105
77,SpiceJet,8268808514
78,Akasa Air,8906865233
79,AirAsia India,8353695752
80,SpiceJet,8858023906
81,IndiGo,8978013719
82,Vistara,8145740894
83,AirAsia India,8106572713
84,Akasa Air,8460339139
85,IndiGo,8155920903
86,Akasa Air,8881213233
87,AirAsia India,8416572695
88,Akasa Air,8503876521
89,Vistara,8942796661
90,Vistara,8889890247
91,Akasa Air,8616693126
92,AirAsia India,8743649410
93,Air India,8614280626
94,AirAsia India,8691329329
95,AirAsia India,8444287477
96,Air India,8167186401
97,Vistara,8927975557
98,Akasa Air,8732598474
99,Akasa Air,8416168750
100,Air India,8229210451
101,Vistara,8958459456
102,Akasa Air,8595735668
103,Vistara,8876215747
104,IndiGo,8677215755
105,IndiGo,8768212711
106,SpiceJet,8483903759
107,Vistara,8905618184
108,Vistara,8535064742
109,Akasa Air,8260779896
110,AirAsia India,8228379107
111,AirAsia India,8774911335
112,SpiceJet,8282540804
113,Vistara,8740279783
114,AirAsia India,8158322728
115,Air India,8448898308
116,IndiGo,8163012856
117,IndiGo,8646284270
118,Air India,8330356181
119,Air India,8696932715
120,Vistara,8532508310
121,AirAsia India,8476780333
122,Air India,8258312470
123,SpiceJet,8966705803
124,Vistara,8512905549
125,Vistara,8562363121
126,AirAsia India,8708591666
127,Akasa Air,8861784158
128,Air India,8883991791
129,AirAsia India,8116614194
130,IndiGo,8326150687
131,Vistara,8432784729
132,Vistara,8979251920
133,Vistara,8212710279
134,AirAsia India,8686420545
135,Air India,8305748612
136,Air India,8913687568
137,AirAsia India,8239156237
138,IndiGo,8267215158
139,Akasa Air,8949915391
140,Vistara,8249707317
141,Vistara,8366531388
142,SpiceJet,8408398576
143,Vistara,8453874057
144,AirAsia India,8147763758
145,Vistara,8645289170
146,Vistara,8539693394
147,AirAsia India,8763692981
148,SpiceJet,8545795854
149,IndiGo,8211806279
150,SpiceJet,8942179852
151,Akasa Air,8816731571
152,AirAsia India,8938443209
153,Vistara,8383489210
154,Akasa Air,8357100619
155,IndiGo,8526784601
156,Akasa Air,8755681759
157,Akasa Air,8340934577
158,AirAsia India,8633837392
159,Vistara,8721602566
160,AirAsia India,8474166620
161,Vistara,8247974954
162,IndiGo,8666973821
163,Akasa Air,8444313686
164,Akasa Air,8866623352
165,IndiGo,8793647238
166,AirAsia India,8260855760
167,Air India,8507161821
168,IndiGo,8605517086
169,Akasa Air,8155930967
170,Air India,8354316700
171,Vistara,8848715677
172,SpiceJet,8278576445
173,Air India,8459120475
174,AirAsia India,8995698578
175,AirAsia India,8373580181
176,Vistara,8864219389
177,AirAsia India,8535497180
178,SpiceJet,8727132386
179,Akasa Air,8977059655
180,AirAsia India,8502292793
181,AirAsia India,8374415519
182,AirAsia India,8922386016
183,Air India,8180593109
184,IndiGo,8833862920
185,IndiGo,8414657348
186,Air India,8810830837
187,AirAsia India,8597459944
188,AirAsia India,8603983363
189,IndiGo,8109938003
190,Vistara,8207203377
191,Air India,8369448352
192,Vistara,8156513426
193,Vistara,8587788642
194,IndiGo,8770608364
195,SpiceJet,8151059195
196,Vistara,8332015045
197,Vistara,8930185662
198,IndiGo,8972656423
199,Akasa Air,8603428888
200,Air India,8937281330
201,SpiceJet,8635791963
202,SpiceJet,8816156148
203,Vistara,8338154687
204,AirAsia India,8909686536
205,Vistara,8617764667
206,Akasa Air,8335598978
207,IndiGo,8551777845
208,Akasa Air,8900603637
209,Vistara,8760247178
210,Akasa Air,8704014622
211,Vistara,8125755772
212,AirAsia India,8506490964
213,Air India,8734638208
214,SpiceJet,8885520263
215,IndiGo,8914540552
216,Vistara,8349356064
217,IndiGo,8663941736
218,IndiGo,8699017404
219,IndiGo,8579632914
220,Akasa Air,8158883667
221,Air India,8827107139
222,IndiGo,8922689512
223,IndiGo,8460900075
224,SpiceJet,8279977197
225,Akasa Air,8702763773
226,AirAsia India,8896544371
227,Vistara,8344236985
228,Air India,8743431355
229,AirAsia India,8682487137
230,SpiceJet,8657040026
231,Vistara,8639499084
232,Akasa Air,8225813406
233,IndiGo,8156201926
234,Akasa Air,8660150701
235,IndiGo,8159737375
236,SpiceJet,8534801608
237,AirAsia India,8700648191
238,SpiceJet,8159769178
239,Air India,8371102667
240,Akasa Air,8643269296
241,IndiGo,8587182318
242,SpiceJet,8369064642
243,IndiGo,8166508216
244,SpiceJet,8116037563
245,AirAsia India,8839973575
246,Air India,8432249370
247,IndiGo,8828525627
248,SpiceJet,8576058510
249,IndiGo,8725074480
250,Akasa Air,8707432779
251,IndiGo,8384438507
252,Air India,8849462511
253,Vistara,8863628604
254,AirAsia India,8215760511
255,Vistara,8198303300
256,Air India,8650178706
257,SpiceJet,8631934233
258,Vistara,8674514422
259,Akasa Air,8346683967
260,Akasa Air,8188126303
261,Akasa Air,8631870152
262,Akasa Air,8140955500
263,Akasa Air,8990780445
264,IndiGo,8357469628
265,Vistara,8927198192
266,Vistara,8723945849
267,SpiceJet,8520959648
268,Air India,8766087025
269,Vistara,8868810252
270,Air India,8179584465
271,Akasa Air,8585351056
272,Vistara,8884894048
273,IndiGo,8522016106
274,IndiGo,8305098544
275,Air India,8404263761
276,SpiceJet,8168073536
277,Akasa Air,8861050779
278,SpiceJet,8963626464
279,IndiGo,8998582482
280,SpiceJet,8548752407
281,SpiceJet,8205703807
282,IndiGo,8873766724
283,Akasa Air,8820853641
284,Air India,8719923614
285,Akasa Air,8776530977
286,Akasa Air,8691638061
287,Vistara,8276800905
288,Vistara,8719622202
289,Vistara,8309686290
290,IndiGo,8426638951
291,IndiGo,8386652286
292,Akasa Air,8738991113
293,Vistara,8401241421
294,Air India,8644138972
295,Air India,8278898659
296,AirAsia India,8256177053
297,Air India,8643570297
298,SpiceJet,8507923438
299,IndiGo,8982393603
300,IndiGo,8976382866
301,SpiceJet,8786915372
302,Akasa Air,8263560832
303,AirAsia India,8898820391
304,Vistara,8384192858
305,Vistara,8195680547
306,AirAsia India,8427971523
307,Air India,8332088407
308,Vistara,8265873887
309,Vistara,8996198813
310,Akasa Air,8377189281
311,IndiGo,8899504531
312,Air India,8765741044
313,SpiceJet,8401879902
314,Akasa Air,8855276203
315,IndiGo,8596970402
316,IndiGo,8711941872
317,AirAsia India,8277396451
318,IndiGo,8611874786
319,SpiceJet,8449395769
320,SpiceJet,8715459222
321,SpiceJet,8148243984
322,Akasa Air,8688598312
323,SpiceJet,8383106485
324,Akasa Air,8646158394
325,Akasa Air,8850049409
326,Akasa Air,8705224261
327,Air India,8978302685
328,SpiceJet,8517316064
329,AirAsia India,8893314898
330,AirAsia India,8165493649
331,IndiGo,8630977733
332,AirAsia India,8706030161
333,SpiceJet,8645948793
334,Vistara,8728261783
335,Air India,8729632497
336,Akasa Air,8383380112
337,Akasa Air,8506105859
338,Vistara,8881478322
339,Air India,8200371405
340,AirAsia India,8326950069
341,IndiGo,8892013270
342,IndiGo,8513332472
343,SpiceJet,8484147830
344,SpiceJet,8633294473
345,Vistara,8584581167
346,SpiceJet,8505314306
347,SpiceJet,8764934578
348,SpiceJet,8977942269
349,Vistara,8140830741
350,Akasa Air,8446244598
351,Vistara,8932616853
352,Akasa Air,8140003928
353,Vistara,8804489355
354,AirAsia India,8299370395
355,AirAsia India,8404329165
356,Air India,8248955526
357,Vistara,8148852903
358,IndiGo,8485155676
359,SpiceJet,8966640201
360,SpiceJet,8685923101
361,AirAsia India,8465914598
362,Akasa Air,8791742883
363,Vistara,8360692359
364,IndiGo,8565023885
365,IndiGo,8259687985
366,Akasa Air,8695614385
367,Vistara,8308958940
368,Vistara,8916884962
369,Akasa Air,8505976539
370,SpiceJet,8520442331
371,Akasa Air,8357210016
372,Akasa Air,8854087412
373,IndiGo,8308569283
374,SpiceJet,8181459923
375,Air India,8115932300
376,Air India,8799933799
377,AirAsia India,8635350278
378,Vistara,8128644022
379,AirAsia India,8396991323
380,Akasa Air,8402404967
381,Vistara,8354189554
382,AirAsia India,8284432545
383,AirAsia India,8637889273
384,Air India,8661752627
385,IndiGo,8468276165
386,SpiceJet,8828429964
387,AirAsia India,8853042261
388,Vistara,8186076185
389,Akasa Air,8427737300
390,IndiGo,8845703010
391,Air India,8382720721
392,AirAsia India,8344577773
393,Akasa Air,8683972842
394,AirAsia India,8274568408
395,SpiceJet,8216918563
396,AirAsia India,8326042680
397,SpiceJet,8545631231
398,SpiceJet,8152694561
399,SpiceJet,8921296163
400,AirAsia India,8121885393
401,Air India,8835550746
402,AirAsia India,8142320956
403,Akasa Air,8468027468
404,IndiGo,8887104364
405,Vistara,8322757430
406,IndiGo,8431163500
407,SpiceJet,8902335367
408,Air India,8628995159
409,SpiceJet,8116750162
410,Vistara,8974265258
411,Air India,8688863081
412,AirAsia India,8782926972
413,IndiGo,8270500645
414,SpiceJet,8937744040
415,Akasa Air,8614062896
416,SpiceJet,8601365058
417,SpiceJet,8835931792
418,IndiGo,8686939490
419,IndiGo,8165865582
420,Akasa Air,8392641346
421,Akasa Air,8364899059
422,AirAsia India,8506965515
423,IndiGo,8197819850
424,Vistara,8496604756
425,Vistara,8432465705
426,SpiceJet,8295491722
427,Air India,8455120395
428,Air India,8145171782
429,AirAsia India,8690833214
430,Vistara,8550087333
431,Akasa Air,8920474790
432,Vistara,8128957427
433,AirAsia India,8401027388
434,Air India,8509730694
435,AirAsia India,8119115343
436,SpiceJet,8676250034
437,SpiceJet,8357871073
438,IndiGo,8644061886
439,SpiceJet,8672240410
440,AirAsia India,8553160433
441,Vistara,8918395244
442,Vistara,8335185804
443,AirAsia India,8453151105
444,Akasa Air,8196745113
445,Air India,8582201123
446,Vistara,8193910295
447,Air India,8836782762
448,Vistara,8141803381
449,Vistara,8985262876
450,Akasa Air,8908179999
451,SpiceJet,8149258643
452,SpiceJet,8446644219
453,Air India,8564580325
454,Vistara,8540427919
455,Air India,8402261776
456,AirAsia India,8269487121
457,AirAsia India,8141904006
458,Akasa Air,8991964789
459,IndiGo,8184173052
460,Akasa Air,8743304503
461,AirAsia India,8285963034
462,AirAsia India,8984318522
463,AirAsia India,8948346486
464,Akasa Air,8586705801
465,IndiGo,8103034149
466,SpiceJet,8949024708
467,SpiceJet,8969776648
468,Air India,8586125504
469,IndiGo,8707506442
470,Akasa Air,8275121664
471,Air India,8854953182
472,SpiceJet,8353298633
473,AirAsia India,8904356528
474,Vistara,8121397394
475,SpiceJet,8811803499
476,AirAsia India,8549531945
477,Vistara,8311119268
478,SpiceJet,8345381319
479,SpiceJet,8411076386
480,SpiceJet,8400943693
481,Air India,8889017807
482,AirAsia India,8569693707
483,Air India,8452255557
484,IndiGo,8879412954
485,IndiGo,8683275786
486,Vistara,8724907881
487,Air India,8474025438
488,Vistara,8198152859
489,Akasa Air,8869485230
490,AirAsia India,8147545656
491,Air India,8690471961
492,Air India,8445349340
493,Vistara,8233158765
494,Air India,8929894688
495,Vistara,8382515161
496,Akasa Air,8381421672
497,SpiceJet,8527798334
498,Air India,8230104106
499,AirAsia India,8334722896
500,Vistara,8743914929
501,Air India,8133375535
502,Air India,8610666602
503,Vistara,8808766785
504,Air India,8383588095
505,IndiGo,8690048911
506,Vistara,8184954558
507,Akasa Air,8888909858
508,Air India,8569213380
509,Air India,8153774510
510,Vistara,8443632915
511,Air India,8672632399
512,AirAsia India,8378251115
513,Vistara,8947963779
514,Vistara,8820507281
515,Akasa Air,8634186659
516,IndiGo,8271254850
517,Air India,8323548823
518,Air India,8456515425
519,Air India,8488011084
520,AirAsia India,8597685137
521,Vistara,8208620710
522,SpiceJet,8982951426
523,AirAsia India,8442661403
524,IndiGo,8719727809
525,IndiGo,8673006732
526,Air India,8457102117
527,SpiceJet,8795881819
528,Vistara,8496697094
529,AirAsia India,8297199549
530,SpiceJet,8497081301
531,SpiceJet,8550705912
532,SpiceJet,8489854719
533,SpiceJet,8403044634
534,Akasa Air,8621166246
535,Vistara,8653960921
536,Air India,8654324790
537,Vistara,8704715035
538,Akasa Air,8572577462
539,Akasa Air,8660426935
540,Air India,8629739583
541,Air India,8754931054
542,Vistara,8971516782
543,Air India,8943312389
544,Air India,8289579345
545,Vistara,8941044237
546,Akasa Air,8766184310
547,Vistara,8524657640
548,Vistara,8305768322
549,Vistara,8920987880
550,Air India,8122149806
551,IndiGo,8377654834
552,Akasa Air,8370621222
553,SpiceJet,8382135540
554,Air India,8377065332
555,SpiceJet,8725788497
556,Vistara,8958543815
557,Akasa Air,8329755515
558,Vistara,8856886117
559,SpiceJet,8625438911
560,IndiGo,8312614045
561,IndiGo,8846750870
562,Air India,8917850918
563,SpiceJet,8894707137
564,Vistara,8732215970
565,SpiceJet,8213335801
566,SpiceJet,8894055642
567,IndiGo,8417486544
568,Akasa Air,8475211144
569,SpiceJet,8931356027
570,IndiGo,8764314733
571,SpiceJet,8998926228
572,IndiGo,8183642629
573,Vistara,8731097602
574,Vistara,8311358483
575,IndiGo,8721183731
576,AirAsia India,8314290630
577,Vistara,8842675989
578,Vistara,8754642982
579,Akasa Air,8717546037
580,Vistara,8712010890
581,SpiceJet,8307918957
582,IndiGo,8868625294
583,Akasa Air,8557799732
584,IndiGo,8279462496
585,SpiceJet,8768211478
586,IndiGo,8657217055
587,Vistara,8425050642
588,SpiceJet,8704489498
589,Akasa Air,8499165041
590,Vistara,8216780723
591,AirAsia India,8635920742
592,Air India,8477502393
593,SpiceJet,8195748975
594,IndiGo,8862114375
595,IndiGo,8814747522
596,Air India,8400868187
597,SpiceJet,8130648293
598,AirAsia India,8835439256
599,Akasa Air,8761710440
600,AirAsia India,8310915363
601,SpiceJet,8934079951
602,AirAsia India,8116274923
603,SpiceJet,8704171142
604,Akasa Air,8790931843
605,AirAsia India,8679438858
606,Vistara,8764548606
607,Vistara,8663247769
608,Air India,8971145484
609,IndiGo,8234261927
610,IndiGo,8853784630
611,AirAsia India,8428613988
612,SpiceJet,8609718212
613,AirAsia India,8683708887
614,IndiGo,8877053082
615,Air India,8787820844
616,SpiceJet,8798343910
617,IndiGo,8711321893
618,IndiGo,8247198544
619,AirAsia India,8760201001
620,IndiGo,8912017091
621,Akasa Air,8209055000
622,IndiGo,8875401613
623,SpiceJet,8150542415
624,Air India,8739685039
625,IndiGo,8848376193
626,SpiceJet,8412621749
627,SpiceJet,8914177855
628,Vistara,8649738291
629,Air India,8606495674
630,SpiceJet,8162276997
631,IndiGo,8321639493
632,Akasa Air,8104218867
633,SpiceJet,8578995955
634,AirAsia India,8557160447
635,Vistara,8236839078
636,Vistara,8962449254
637,Vistara,8149262976
638,SpiceJet,8484141939
639,Vistara,8595020829
640,SpiceJet,8241427379
641,AirAsia India,8466249744
642,Akasa Air,8760793329
643,Akasa Air,8622302133
644,Air India,8722501819
645,Akasa Air,8436023507
646,SpiceJet,8183879301
647,AirAsia India,8898943052
648,Vistara,8230504742
649,Air India,8134244423
650,Vistara,8151271603
651,AirAsia India,8244900768
652,Vistara,8808330080
653,IndiGo,8607069537
654,Akasa Air,8891996890
655,Vistara,8931992771
656,Akasa Air,8177579781
657,IndiGo,8854425833
658,IndiGo,8413019605
659,Air India,8927265076
660,SpiceJet,8535449006
661,Vistara,8881346059
662,Akasa Air,8253575668
663,Vistara,8408496915
664,AirAsia India,8648275518
665,Vistara,8213940364
666,AirAsia India,8814222742
667,SpiceJet,8871740976
668,IndiGo,8741479729
669,Vistara,8727631817
670,AirAsia India,8656264687
671,AirAsia India,8793180682
672,SpiceJet,8550816264
673,Air India,8698082711
674,Akasa Air,8790851352
675,SpiceJet,8168266158
676,Air India,8437705818
677,IndiGo,8916650948
678,SpiceJet,8867499420
679,Vistara,8650801634
680,Air India,8696787387
681,Air India,8414577794
682,Akasa Air,8756703301
683,IndiGo,8383255950
684,AirAsia India,8451320313
685,Air India,8588273256
686,IndiGo,8671614867
687,Vistara,8779113060
688,AirAsia India,8193201944
689,Air India,8452304817
690,Air India,8688233390
691,SpiceJet,8540586155
692,Akasa Air,8791204424
693,IndiGo,8364066090
694,SpiceJet,8536395122
695,IndiGo,8119747617
696,Air India,8912875663
697,Vistara,8828415441
698,Air India,8829770580
699,AirAsia India,8782653828
700,Vistara,8310784119
701,IndiGo,8901081293
702,Akasa Air,8951001065
703,Akasa Air,8864194756
704,AirAsia India,8747802341
705,IndiGo,8309680772
706,Air India,8146806254
707,AirAsia India,8616622341
708,Vistara,8355643842
709,Vistara,8336274410
710,Akasa Air,8116120013
711,SpiceJet,8683538198
712,Air India,8470178620
713,IndiGo,8928900527
714,AirAsia India,8239080530
715,SpiceJet,8984799258
716,SpiceJet,8167875123
717,Vistara,8734911839
718,SpiceJet,8713226344
719,Air India,8583074854
720,SpiceJet,8331923361
721,Vistara,8658998151
722,Akasa Air,8783668183
723,Air India,8382822242
724,IndiGo,8707707422
725,Vistara,8468923910
726,AirAsia India,8588613278
727,AirAsia India,8946244551
728,Vistara,8450716160
729,Akasa Air,8726110284
730,Akasa Air,8198357109
731,Vistara,8512882936
732,AirAsia India,8387614934
733,Vistara,8454943947
734,Vistara,8182506930
735,Air India,8225145846
736,Akasa Air,8100871100
737,Akasa Air,8474176197
738,Akasa Air,8883628370
739,AirAsia India,8563795949
740,Air India,8176291646
741,SpiceJet,8534657733
742,SpiceJet,8844594509
743,Akasa Air,8158139556
744,SpiceJet,8384992783
745,SpiceJet,8370618944
746,Akasa Air,8216072425
747,SpiceJet,8643259850
748,Vistara,8587139977
749,IndiGo,8186130574
750,Akasa Air,8480284899
751,Akasa Air,8496754605
752,SpiceJet,8264592196
753,Akasa Air,8129777868
754,AirAsia India,8318850538
755,Akasa Air,8305552946
756,AirAsia India,8995735198
757,SpiceJet,8465485289
758,IndiGo,8625643685
759,Akasa Air,8514111549
760,SpiceJet,8403581450
761,Vistara,8864023985
762,Air India,8764799173
763,Akasa Air,8524164481
764,Akasa Air,8296962572
765,Akasa Air,8232165590
766,Air India,8777915491
767,AirAsia India,8611274297
768,Vistara,8383951215
769,Air India,8189984670
770,AirAsia India,8507537383
771,Vistara,8868427392
772,IndiGo,8460955177
773,Vistara,8117433128
774,IndiGo,8176429221
775,AirAsia India,8543247771
776,SpiceJet,8919748060
777,Akasa Air,8277857445
778,Air India,8732987659
779,IndiGo,8230000911
780,Akasa Air,8745554719
781,IndiGo,8149933790
782,Air India,8514052406
783,IndiGo,8446880929
784,Vistara,8201140871
785,AirAsia India,8812169815
786,SpiceJet,8282920112
787,Akasa Air,8445622663
788,AirAsia India,8564299488
789,Air India,8701362413
790,SpiceJet,8123967459
791,Akasa Air,8961355236
792,Vistara,8481787732
793,IndiGo,8580970189
794,SpiceJet,8423846510
795,AirAsia India,8631907793
796,Vistara,8923397634
797,SpiceJet,8295477848
798,AirAsia India,8230667367
799,Akasa Air,8896425680
800,IndiGo,8266499010
801,Akasa Air,8464480239
802,Akasa Air,8178812967
803,Air India,8967966105
804,SpiceJet,8962818103
805,Akasa Air,8566134251
806,Akasa Air,8660266566
807,AirAsia India,8814960671
808,SpiceJet,8272143322
809,SpiceJet,8989527285
810,Akasa Air,8848078780
811,SpiceJet,8662661468
812,SpiceJet,8402127471
813,SpiceJet,8761791117
814,Vistara,8835668710
815,AirAsia India,8578179295
816,Vistara,8482032394
817,Air India,8497405437
818,Air India,8328332722
819,SpiceJet,8962975036
820,Air India,8818306308
821,AirAsia India,8482447895
822,Air India,8343942313
823,Air India,8504446481
824,Akasa Air,8566848812
825,Akasa Air,8408276294
826,SpiceJet,8870461313
827,Vistara,8591862959
828,Akasa Air,8365498587
829,IndiGo,8712509368
830,IndiGo,8848424302
831,Akasa Air,8115154797
832,Akasa Air,8675018924
833,Akasa Air,8809971866
834,AirAsia India,8203622261
835,IndiGo,8237187636
836,Vistara,8131162695
837,SpiceJet,8583039455
838,Akasa Air,8722438027
839,Akasa Air,8511456816
840,AirAsia India,8736280755
841,Vistara,8184403027
842,IndiGo,8300758002
843,Vistara,8976243323
844,Akasa Air,8190145379
845,Akasa Air,8933979604
846,AirAsia India,8394633884
847,IndiGo,8926749323
848,Akasa Air,8108221468
849,Vistara,8526796763
850,Air India,8518552728
851,IndiGo,8365922365
852,AirAsia India,8922267593
853,Air India,8831536617
854,Air India,8304588901
855,Air India,8259085712
856,IndiGo,8426142369
857,Air India,8668096712
858,Air India,8670401990
859,Vistara,8459540842
860,SpiceJet,8803407855
861,Akasa Air,8289193211
862,AirAsia India,8320819419
863,Akasa Air,8427941099
864,SpiceJet,8119743297
865,Air India,8507391210
866,Akasa Air,8353811709
867,Air India,8529290129
868,Air India,8645664813
869,SpiceJet,8917952821
870,SpiceJet,8695680301
871,Vistara,8707103456
872,Air India,8693637055
873,Akasa Air,8553255440
874,AirAsia India,8824698350
875,Vistara,8626788377
876,Vistara,8937166775
877,Akasa Air,8860091974
878,Air India,8267082174
879,AirAsia India,8742326508
880,Akasa Air,8352347623
881,Akasa Air,8613717787
882,Vistara,8352441543
883,AirAsia India,8833922631
884,SpiceJet,8309020411
885,Air India,8678216945
886,SpiceJet,8772517813
887,Akasa Air,8736113230
888,IndiGo,8553967005
889,Air India,8559591367
890,SpiceJet,8970169874
891,Vistara,8149064606
892,IndiGo,8182970849
893,Akasa Air,8898759286
894,SpiceJet,8926402751
895,IndiGo,8106137503
896,Air India,8922288472
897,IndiGo,8497060972
898,Akasa Air,8407371018
899,SpiceJet,8281096265
900,AirAsia India,8943222296
901,IndiGo,8225357767
902,Air India,8544773257
903,Vistara,8799290702
904,IndiGo,8771021819
905,AirAsia India,8296126939
906,SpiceJet,8384167582
907,AirAsia India,8393353694
908,SpiceJet,8771036614
909,AirAsia India,8863206201
910,Vistara,8738062478
911,AirAsia India,8135115976
912,AirAsia India,8641910520
913,Vistara,8862435843
914,SpiceJet,8185256551
915,Vistara,8313446570
916,Air India,8712409035
917,Air India,8502420111
918,Vistara,8943420782
919,SpiceJet,8107514811
920,Air India,8299810942
921,IndiGo,8747961407
922,Air India,8287091015
923,Akasa Air,8861369908
924,AirAsia India,8623787228
925,AirAsia India,8444413830
926,Air India,8421291962
927,SpiceJet,8589844214
928,AirAsia India,8168750757
929,Air India,8523432050
930,IndiGo,8763132168
931,Vistara,8288947302
932,Vistara,8166071535
933,AirAsia India,8935864346
934,SpiceJet,8282736159
935,Air India,8119484581
936,Air India,8419858130
937,SpiceJet,8194024515
938,Vistara,8559949508
939,AirAsia India,8681453112
940,SpiceJet,8448482054
941,IndiGo,8590090480
942,IndiGo,8919043315
943,Akasa Air,8928494725
944,AirAsia India,8198877842
945,AirAsia India,8306638144
946,Vistara,8559717832
947,IndiGo,8612145311
948,IndiGo,8680887370
949,Vistara,8720982855
950,Vistara,8834889926
951,Akasa Air,8667792669
952,AirAsia India,8375655005
953,Vistara,8376562623
954,AirAsia India,8506471208
955,AirAsia India,8221413293
956,AirAsia India,8465637043
957,AirAsia India,8654188360
958,IndiGo,8804861406
959,Air India,8790277383
960,AirAsia India,8228028352
961,Air India,8675188019
962,SpiceJet,8924580987
963,Vistara,8398766483
964,SpiceJet,8545795523
965,Akasa Air,8595852443
966,Vistara,8199934351
967,AirAsia India,8682715921
968,Vistara,8966099001
969,Vistara,8492453642
970,SpiceJet,8831860925
971,AirAsia India,8849490969
972,IndiGo,8244350962
973,AirAsia India,8722195475
974,AirAsia India,8170208772
975,Akasa Air,8115363522
976,AirAsia India,8164495834
977,AirAsia India,8663738886
978,SpiceJet,8920490009
979,SpiceJet,8926201171
980,Akasa Air,8193100718
981,Air India,8947407012
982,Air India,8787679831
983,Akasa Air,8301899589
984,Akasa Air,8345366299
985,IndiGo,8436022746
986,Akasa Air,8258715091
987,Air India,8886078885
988,Akasa Air,8594952196
989,Akasa Air,8549514520
990,Vistara,8160146289
991,Akasa Air,8985132255
992,AirAsia India,8628051438
993,IndiGo,8614621948
994,Air India,8493324066
995,SpiceJet,8213296873
996,Air India,8317977192
997,IndiGo,8445777610
998,Air India,8374338756
999,IndiGo,8662865646
1000,Vistara,8600998249
