Booking_ID,Passenger_ID,Flight_ID,Booking_Date,Booking_Status,Total_Fare
1,977,709,2026-12-30 0:00:00,Confirmed,23728.31
2,998,139,2026-05-24 0:00:00,Cancelled,2650.1
3,792,826,2026-06-29 0:00:00,Pending,16463.38
4,305,273,2026-10-26 0:00:00,Confirmed,29548.72
5,101,352,2026-11-11 0:00:00,Pending,14352.59
6,1163,599,2026-07-21 0:00:00,Confirmed,7160.86
7,633,841,2026-05-02 0:00:00,Pending,25026.64
8,811,1166,2026-09-29 0:00:00,Confirmed,14545.17
9,932,968,2026-09-12 0:00:00,Pending,18426.91
10,647,962,2026-10-16 0:00:00,Confirmed,18835.64
11,1131,860,2026-08-05 0:00:00,Confirmed,13169.31
12,33,114,2026-01-05 0:00:00,Pending,18226.44
13,791,1189,2026-07-27 0:00:00,Pending,10337.32
14,124,1176,2026-11-18 0:00:00,Pending,2785.81
15,1173,715,2026-05-09 0:00:00,Cancelled,4866.23
16,316,1199,2026-08-21 0:00:00,Pending,8532.12
17,484,168,2026-05-19 0:00:00,Pending,18012.28
18,792,197,2026-02-14 0:00:00,Cancelled,21110.3
19,870,1074,2026-06-03 0:00:00,Cancelled,26380.04
20,1191,1039,2026-08-09 0:00:00,Cancelled,21916.85
21,995,1077,2026-09-06 0:00:00,Pending,5443.45
22,262,659,2026-01-20 0:00:00,Confirmed,28098.95
23,160,128,2026-11-25 0:00:00,Confirmed,7305.39
24,118,733,2026-02-03 0:00:00,Cancelled,17057.76
25,477,747,2026-03-07 0:00:00,Pending,7157.23
26,276,956,2026-02-08 0:00:00,Cancelled,21259.08
27,304,277,2026-09-28 0:00:00,Pending,18332.63
28,984,1018,2026-10-30 0:00:00,Pending,6678.8
29,559,672,2026-12-22 0:00:00,Pending,14337.29
30,636,199,2026-09-13 0:00:00,Cancelled,29625.63
31,536,966,2026-07-11 0:00:00,Pending,23216.49
32,73,1168,2026-12-01 0:00:00,Cancelled,28779.42
33,198,729,2026-04-24 0:00:00,Cancelled,25021.24
34,66,164,2026-09-18 0:00:00,Cancelled,16949.95
35,598,1039,2026-05-21 0:00:00,Confirmed,8917.5
36,763,454,2026-09-27 0:00:00,Confirmed,12366.89
37,666,1165,2026-12-21 0:00:00,Pending,22782.62
38,900,706,2026-03-01 0:00:00,Confirmed,10638.49
39,858,1123,2026-09-30 0:00:00,Pending,19900.11
40,819,487,2026-02-18 0:00:00,Cancelled,5341.52
41,471,764,2026-10-09 0:00:00,Confirmed,8316.97
42,568,6,2026-08-20 0:00:00,Pending,12492.15
43,56,725,2026-01-22 0:00:00,Confirmed,15511.37
44,1050,751,2026-01-02 0:00:00,Pending,27884.57
45,29,854,2026-10-21 0:00:00,Pending,19728.82
46,625,625,2026-08-03 0:00:00,Cancelled,16269.41
47,202,678,2026-05-23 0:00:00,Confirmed,25521.5
48,306,1104,2026-04-03 0:00:00,Pending,17613.15
49,823,488,2026-05-16 0:00:00,Confirmed,19994.77
50,604,209,2026-12-15 0:00:00,Confirmed,21461.45
51,45,787,2026-12-22 0:00:00,Cancelled,13857.92
52,329,685,2026-11-20 0:00:00,Confirmed,3887.13
53,923,573,2026-08-18 0:00:00,Pending,13299.48
54,376,11,2026-02-25 0:00:00,Cancelled,24611.55
55,510,319,2026-01-12 0:00:00,Cancelled,29318.04
56,417,194,2026-04-18 0:00:00,Confirmed,28988.39
57,624,27,2026-02-23 0:00:00,Pending,21580.93
58,930,1067,2026-02-24 0:00:00,Pending,10964.76
59,306,928,2026-08-14 0:00:00,Cancelled,16829.58
60,390,874,2026-09-16 0:00:00,Confirmed,19776.61
61,167,638,2026-10-13 0:00:00,Cancelled,4199.05
62,304,335,2026-04-28 0:00:00,Confirmed,4766.25
63,637,55,2026-10-02 0:00:00,Confirmed,29272.01
64,315,418,2026-08-19 0:00:00,Cancelled,14531.44
65,644,980,2026-05-25 0:00:00,Confirmed,5796.29
66,813,768,2026-10-25 0:00:00,Cancelled,8022.68
67,424,712,2026-03-05 0:00:00,Confirmed,15098.78
68,349,383,2026-08-02 0:00:00,Confirmed,8147.95
69,378,579,2026-01-12 0:00:00,Confirmed,29728.42
70,819,836,2026-06-27 0:00:00,Pending,20260.52
71,1178,114,2026-09-24 0:00:00,Cancelled,17642.91
72,618,1184,2026-04-30 0:00:00,Confirmed,4915.24
73,826,721,2026-10-02 0:00:00,Pending,3094.87
74,93,461,2026-02-04 0:00:00,Confirmed,11995.84
75,41,279,2026-10-06 0:00:00,Confirmed,18821.35
76,490,489,2026-10-17 0:00:00,Confirmed,12707.06
77,646,937,2026-02-12 0:00:00,Pending,23008.33
78,203,921,2026-08-07 0:00:00,Pending,25144.6
79,285,228,2026-09-14 0:00:00,Cancelled,11632.25
80,835,17,2026-10-08 0:00:00,Cancelled,11525.26
81,863,1035,2026-04-14 0:00:00,Cancelled,9729.06
82,982,229,2026-03-31 0:00:00,Confirmed,5972.74
83,709,1038,2026-06-23 0:00:00,Cancelled,22502.53
84,885,408,2026-03-07 0:00:00,Confirmed,12872.99
85,1074,303,2026-04-21 0:00:00,Pending,17419.02
86,498,772,2026-08-16 0:00:00,Confirmed,4193.56
87,643,866,2026-08-10 0:00:00,Cancelled,9715.53
88,935,624,2026-05-05 0:00:00,Pending,3262.21
89,366,755,2026-03-02 0:00:00,Cancelled,18885.35
90,570,792,2026-06-05 0:00:00,Pending,8348.71
91,712,281,2026-10-03 0:00:00,Pending,3782
92,771,792,2026-05-09 0:00:00,Pending,17989.94
93,1045,417,2026-06-22 0:00:00,Confirmed,7651.11
94,358,963,2026-02-21 0:00:00,Cancelled,5617.73
95,223,204,2026-04-17 0:00:00,Pending,24323
96,1095,92,2026-02-27 0:00:00,Cancelled,25702.9
97,944,380,2026-08-28 0:00:00,Cancelled,28539.66
98,1002,258,2026-01-13 0:00:00,Pending,28267.85
99,844,396,2026-06-27 0:00:00,Pending,22585.42
100,706,1079,2026-03-07 0:00:00,Cancelled,17852.01
101,917,42,2026-12-03 0:00:00,Cancelled,29274.24
102,914,118,2026-12-22 0:00:00,Pending,4860.84
103,929,1179,2026-05-06 0:00:00,Pending,20691.74
104,752,638,2026-01-28 0:00:00,Pending,9358.28
105,1178,295,2026-01-01 0:00:00,Cancelled,27714.43
106,166,317,2026-11-07 0:00:00,Confirmed,2541.33
107,766,817,2026-06-23 0:00:00,Confirmed,25981.65
108,188,807,2026-06-04 0:00:00,Pending,29746.26
109,7,269,2026-05-18 0:00:00,Confirmed,14877.16
110,147,125,2026-04-24 0:00:00,Cancelled,5634.57
111,1174,669,2026-07-04 0:00:00,Pending,22468.84
112,1042,922,2026-04-10 0:00:00,Cancelled,11631.07
113,312,1107,2026-01-12 0:00:00,Confirmed,4518.13
114,91,1030,2026-02-12 0:00:00,Pending,29425.87
115,1101,308,2026-11-01 0:00:00,Confirmed,3837.47
116,743,402,2026-06-27 0:00:00,Cancelled,14191.88
117,190,540,2026-12-06 0:00:00,Cancelled,23450.11
118,372,828,2026-02-27 0:00:00,Pending,13197.75
119,414,639,2026-07-20 0:00:00,Confirmed,29164.76
120,646,1022,2026-11-14 0:00:00,Confirmed,11492.43
121,467,402,2026-08-15 0:00:00,Confirmed,26183.27
122,408,1197,2026-09-02 0:00:00,Pending,8134.23
123,275,961,2026-01-10 0:00:00,Pending,29006.56
124,740,699,2026-01-28 0:00:00,Confirmed,13450.98
125,72,1172,2026-06-05 0:00:00,Confirmed,16737.32
126,672,43,2026-10-29 0:00:00,Confirmed,12665.82
127,600,221,2026-07-25 0:00:00,Confirmed,11112.2
128,1167,696,2026-09-13 0:00:00,Confirmed,20866.76
129,160,449,2026-05-02 0:00:00,Cancelled,12364.46
130,551,124,2026-12-04 0:00:00,Confirmed,29835.94
131,282,90,2026-02-25 0:00:00,Cancelled,19620.15
132,718,926,2026-12-19 0:00:00,Cancelled,4392.03
133,180,1016,2026-12-07 0:00:00,Confirmed,11887.09
134,301,253,2026-04-21 0:00:00,Confirmed,6010.9
135,538,1078,2026-02-21 0:00:00,Pending,16372.32
136,35,1138,2026-02-18 0:00:00,Cancelled,28075.6
137,608,333,2026-10-10 0:00:00,Pending,5266.25
138,976,1136,2026-03-24 0:00:00,Pending,8311.49
139,1019,48,2026-02-08 0:00:00,Pending,5985.67
140,371,37,2026-03-16 0:00:00,Pending,3952.97
141,1041,1053,2026-07-17 0:00:00,Confirmed,16820.61
142,657,5,2026-01-21 0:00:00,Pending,22770.94
143,862,489,2026-01-03 0:00:00,Cancelled,4987.52
144,1024,660,2026-07-20 0:00:00,Pending,2607.12
145,925,107,2026-12-30 0:00:00,Cancelled,2910.53
146,237,890,2026-04-23 0:00:00,Pending,5380.47
147,1088,455,2026-04-08 0:00:00,Confirmed,28076.19
148,221,62,2026-03-19 0:00:00,Pending,2554.28
149,107,134,2026-06-23 0:00:00,Confirmed,11821.18
150,1169,176,2026-07-31 0:00:00,Cancelled,10039.42
151,517,199,2026-06-18 0:00:00,Pending,9606.5
152,491,293,2026-07-10 0:00:00,Pending,6913.6
153,1119,499,2026-07-02 0:00:00,Pending,26138.81
154,367,99,2026-04-25 0:00:00,Confirmed,16522.78
155,715,167,2026-10-24 0:00:00,Cancelled,26310.64
156,1172,710,2026-06-06 0:00:00,Cancelled,16566.44
157,1100,242,2026-03-10 0:00:00,Confirmed,9263.2
158,453,90,2026-02-20 0:00:00,Cancelled,17217.25
159,1072,583,2026-04-09 0:00:00,Confirmed,28647.23
160,1184,422,2026-11-20 0:00:00,Cancelled,15088.02
161,922,744,2026-08-26 0:00:00,Cancelled,16575.62
162,277,434,2026-12-07 0:00:00,Cancelled,7988.56
163,1026,491,2026-11-25 0:00:00,Pending,20912.05
164,855,727,2026-04-08 0:00:00,Pending,20538.82
165,654,761,2026-01-15 0:00:00,Confirmed,26643.63
166,917,139,2026-08-07 0:00:00,Pending,16709.56
167,1127,71,2026-07-18 0:00:00,Confirmed,16983.43
168,158,997,2026-11-29 0:00:00,Pending,17405.24
169,1182,486,2026-12-09 0:00:00,Confirmed,12494.34
170,324,664,2026-02-26 0:00:00,Cancelled,10607.99
171,756,402,2026-06-02 0:00:00,Pending,12233.33
172,898,1,2026-02-24 0:00:00,Cancelled,5936.63
173,795,671,2026-01-12 0:00:00,Pending,25021.74
174,985,1123,2026-03-28 0:00:00,Confirmed,5480.79
175,945,805,2026-10-20 0:00:00,Confirmed,8020.28
176,877,344,2026-05-03 0:00:00,Confirmed,28634.45
177,915,1134,2026-02-27 0:00:00,Confirmed,13072.02
178,379,870,2026-10-06 0:00:00,Cancelled,12237.4
179,986,1147,2026-07-10 0:00:00,Cancelled,6243.28
180,402,91,2026-01-26 0:00:00,Pending,27424.93
181,519,836,2026-06-14 0:00:00,Cancelled,8266.28
182,1030,254,2026-08-04 0:00:00,Confirmed,12374.96
183,1010,673,2026-05-29 0:00:00,Confirmed,24590.9
184,857,249,2026-01-12 0:00:00,Pending,14468.98
185,220,14,2026-09-24 0:00:00,Confirmed,4931
186,497,544,2026-01-20 0:00:00,Cancelled,10653.06
187,774,394,2026-12-31 0:00:00,Pending,8428.75
188,546,385,2026-02-18 0:00:00,Pending,25852.61
189,670,717,2026-12-01 0:00:00,Pending,24106.85
190,253,477,2026-03-27 0:00:00,Pending,5912.03
191,675,1060,2026-09-09 0:00:00,Cancelled,8154.49
192,192,511,2026-07-22 0:00:00,Cancelled,17118.68
193,509,1072,2026-04-06 0:00:00,Pending,12719.46
194,294,297,2026-02-21 0:00:00,Pending,20249.66
195,262,133,2026-07-26 0:00:00,Cancelled,23947.34
196,976,116,2026-05-27 0:00:00,Pending,26694
197,981,419,2026-03-04 0:00:00,Cancelled,20128.34
198,913,1092,2026-08-17 0:00:00,Cancelled,2846.76
199,906,816,2026-04-30 0:00:00,Cancelled,16684.46
200,300,1065,2026-01-18 0:00:00,Cancelled,25038.6
201,424,71,2026-11-26 0:00:00,Confirmed,23126.76
202,58,969,2026-03-18 0:00:00,Pending,17131.2
203,817,983,2026-04-04 0:00:00,Cancelled,27940.56
204,729,1011,2026-06-21 0:00:00,Confirmed,15607.87
205,613,354,2026-02-14 0:00:00,Pending,23194.06
206,1165,705,2026-09-21 0:00:00,Cancelled,27344.48
207,682,485,2026-06-06 0:00:00,Cancelled,25553.27
208,780,558,2026-05-04 0:00:00,Cancelled,12019.24
209,605,1179,2026-06-30 0:00:00,Pending,3437.81
210,453,737,2026-06-16 0:00:00,Confirmed,15233.68
211,1048,443,2026-01-12 0:00:00,Confirmed,16077.38
212,40,983,2026-12-02 0:00:00,Pending,9975.77
213,803,240,2026-04-29 0:00:00,Cancelled,13318.74
214,678,630,2026-02-14 0:00:00,Cancelled,9380.22
215,1180,417,2026-09-05 0:00:00,Pending,21043.03
216,92,414,2026-06-15 0:00:00,Pending,10773.91
217,621,1103,2026-05-09 0:00:00,Pending,13166.66
218,732,637,2026-11-13 0:00:00,Pending,16381.43
219,222,1009,2026-04-28 0:00:00,Cancelled,19760.22
220,893,510,2026-07-29 0:00:00,Pending,9996.3
221,769,171,2026-04-29 0:00:00,Cancelled,10202.89
222,58,236,2026-02-06 0:00:00,Pending,5991.5
223,260,909,2026-11-30 0:00:00,Pending,8774.08
224,23,997,2026-03-05 0:00:00,Confirmed,12576.78
225,1188,82,2026-07-23 0:00:00,Pending,2647.54
226,218,1009,2026-11-03 0:00:00,Confirmed,15140.1
227,653,1190,2026-10-28 0:00:00,Pending,17409.9
228,983,655,2026-05-06 0:00:00,Confirmed,7101.26
229,937,957,2026-12-23 0:00:00,Pending,9423.67
230,136,21,2026-06-23 0:00:00,Confirmed,6930.4
231,561,1082,2026-03-07 0:00:00,Pending,26283.13
232,1001,1130,2026-09-15 0:00:00,Cancelled,11297.39
233,1126,758,2026-02-08 0:00:00,Cancelled,10963.97
234,211,166,2026-04-19 0:00:00,Pending,11458.76
235,464,251,2026-02-01 0:00:00,Pending,12357.52
236,747,893,2026-10-03 0:00:00,Confirmed,23677.02
237,17,1026,2026-02-01 0:00:00,Confirmed,13583.87
238,1017,785,2026-04-15 0:00:00,Cancelled,20017.71
239,504,1078,2026-05-21 0:00:00,Cancelled,4158.29
240,1,613,2026-06-23 0:00:00,Cancelled,12019.68
241,6,1052,2026-08-04 0:00:00,Pending,26743.94
242,94,123,2026-04-12 0:00:00,Cancelled,13997.75
243,1077,825,2026-01-01 0:00:00,Pending,9541.67
244,955,782,2026-05-24 0:00:00,Cancelled,2828.3
245,297,1164,2026-08-08 0:00:00,Cancelled,22261.73
246,97,883,2026-04-30 0:00:00,Confirmed,26620.91
247,357,613,2026-10-11 0:00:00,Cancelled,3111.74
248,423,345,2026-10-08 0:00:00,Pending,14396.85
249,522,818,2026-02-04 0:00:00,Cancelled,13510.51
250,377,772,2026-04-28 0:00:00,Cancelled,10738.21
251,878,128,2026-07-30 0:00:00,Pending,13389.48
252,665,167,2026-10-13 0:00:00,Pending,6421.46
253,361,1049,2026-06-14 0:00:00,Pending,13328.24
254,947,702,2026-11-09 0:00:00,Confirmed,23555.5
255,76,585,2026-07-14 0:00:00,Confirmed,17376
256,1063,176,2026-02-01 0:00:00,Pending,12409.15
257,9,578,2026-03-02 0:00:00,Cancelled,20883.23
258,937,1049,2026-03-09 0:00:00,Confirmed,9828.32
259,111,379,2026-06-29 0:00:00,Pending,27030.99
260,286,612,2026-02-03 0:00:00,Cancelled,12018.56
261,1018,1128,2026-12-02 0:00:00,Pending,11480.19
262,788,816,2026-12-04 0:00:00,Pending,24677.37
263,979,497,2026-10-22 0:00:00,Cancelled,27389.09
264,1045,542,2026-02-02 0:00:00,Pending,10081.83
265,113,663,2026-01-08 0:00:00,Confirmed,27765.71
266,1069,1038,2026-12-01 0:00:00,Cancelled,28049.83
267,525,167,2026-01-01 0:00:00,Confirmed,15682.4
268,954,1073,2026-02-18 0:00:00,Confirmed,12884.28
269,937,1079,2026-12-21 0:00:00,Confirmed,7863.53
270,272,1082,2026-11-12 0:00:00,Pending,4922.93
271,1035,538,2026-06-29 0:00:00,Pending,11799.14
272,315,183,2026-05-20 0:00:00,Confirmed,18485.99
273,1195,479,2026-08-09 0:00:00,Cancelled,15778.81
274,700,870,2026-10-17 0:00:00,Cancelled,23237.89
275,305,448,2026-11-20 0:00:00,Pending,4391.69
276,241,407,2026-04-02 0:00:00,Pending,3785.37
277,439,1138,2026-04-22 0:00:00,Confirmed,18789.01
278,84,532,2026-11-28 0:00:00,Cancelled,6529.93
279,674,3,2026-09-30 0:00:00,Confirmed,26284.38
280,689,440,2026-02-11 0:00:00,Cancelled,29615.43
281,146,579,2026-11-17 0:00:00,Confirmed,8485.33
282,529,1102,2026-12-25 0:00:00,Cancelled,5552.29
283,816,603,2026-04-03 0:00:00,Cancelled,19177.55
284,1167,876,2026-04-01 0:00:00,Cancelled,26627.43
285,143,145,2026-10-04 0:00:00,Cancelled,27604.78
286,343,301,2026-11-25 0:00:00,Pending,29646.04
287,382,379,2026-09-18 0:00:00,Confirmed,27058.78
288,1152,1192,2026-10-01 0:00:00,Pending,12262.08
289,48,614,2026-10-31 0:00:00,Cancelled,20141.59
290,824,684,2026-05-14 0:00:00,Confirmed,20037.78
291,351,445,2026-10-01 0:00:00,Cancelled,7439.07
292,739,1194,2026-08-28 0:00:00,Confirmed,14696.23
293,22,925,2026-08-20 0:00:00,Cancelled,19681.5
294,598,860,2026-05-29 0:00:00,Confirmed,13353.86
295,522,418,2026-12-31 0:00:00,Confirmed,18080.28
296,1030,978,2026-12-04 0:00:00,Confirmed,28282.79
297,10,392,2026-06-22 0:00:00,Confirmed,17566.39
298,1177,403,2026-10-22 0:00:00,Confirmed,29727.79
299,432,783,2026-07-24 0:00:00,Pending,21860.57
300,155,1149,2026-09-12 0:00:00,Cancelled,9614.46
301,1141,1,2026-10-13 0:00:00,Confirmed,15459.36
302,302,449,2026-03-19 0:00:00,Confirmed,14156.93
303,598,523,2026-11-12 0:00:00,Pending,4524.19
304,1152,751,2026-11-01 0:00:00,Confirmed,9941.75
305,885,838,2026-05-08 0:00:00,Cancelled,18169.2
306,237,632,2026-04-23 0:00:00,Pending,24258.47
307,159,584,2026-05-18 0:00:00,Confirmed,7034.91
308,254,1180,2026-02-16 0:00:00,Confirmed,8334.42
309,791,1142,2026-11-24 0:00:00,Confirmed,19213.65
310,910,280,2026-04-08 0:00:00,Pending,15520.02
311,155,441,2026-12-21 0:00:00,Confirmed,19251.72
312,94,867,2026-04-21 0:00:00,Confirmed,2896.47
313,440,955,2026-08-25 0:00:00,Confirmed,2751.52
314,647,619,2026-02-25 0:00:00,Cancelled,18551.87
315,1127,112,2026-01-25 0:00:00,Confirmed,22587.26
316,273,870,2026-06-06 0:00:00,Cancelled,20461.58
317,25,665,2026-10-07 0:00:00,Cancelled,24162.82
318,912,1160,2026-03-29 0:00:00,Confirmed,20625.66
319,302,70,2026-11-29 0:00:00,Confirmed,15649.43
320,942,847,2026-01-31 0:00:00,Confirmed,2778.05
321,664,461,2026-06-12 0:00:00,Confirmed,18570.46
322,171,1122,2026-05-11 0:00:00,Pending,17487.14
323,561,1173,2026-06-03 0:00:00,Pending,29164.67
324,274,205,2026-04-02 0:00:00,Cancelled,6624.94
325,404,316,2026-11-07 0:00:00,Cancelled,7209.09
326,1144,297,2026-05-31 0:00:00,Pending,12682.49
327,1137,1078,2026-02-05 0:00:00,Pending,18259.92
328,297,1088,2026-06-04 0:00:00,Pending,11981.01
329,31,138,2026-12-18 0:00:00,Cancelled,11886.26
330,914,85,2026-06-06 0:00:00,Cancelled,15574.72
331,213,256,2026-02-24 0:00:00,Cancelled,13852.84
332,210,1199,2026-07-06 0:00:00,Pending,18111.2
333,1104,547,2026-05-23 0:00:00,Pending,16162.51
334,31,1171,2026-06-23 0:00:00,Cancelled,13561.4
335,747,305,2026-11-09 0:00:00,Pending,3619.05
336,940,379,2026-11-09 0:00:00,Cancelled,15502.48
337,74,188,2026-10-10 0:00:00,Confirmed,20330.11
338,130,944,2026-01-26 0:00:00,Pending,11840.17
339,347,837,2026-06-25 0:00:00,Cancelled,10918.31
340,839,73,2026-11-10 0:00:00,Pending,8376.4
341,745,1034,2026-11-21 0:00:00,Pending,14278.01
342,759,273,2026-09-21 0:00:00,Confirmed,4917.92
343,154,673,2026-07-05 0:00:00,Confirmed,16293.47
344,242,455,2026-09-05 0:00:00,Cancelled,16125.5
345,979,1067,2026-05-05 0:00:00,Pending,25023.04
346,743,418,2026-09-08 0:00:00,Pending,20235.45
347,769,478,2026-07-20 0:00:00,Confirmed,24047.93
348,165,678,2026-08-31 0:00:00,Cancelled,4325.37
349,294,75,2026-04-10 0:00:00,Confirmed,25146.3
350,704,1074,2026-08-29 0:00:00,Pending,3507.81
351,887,488,2026-04-29 0:00:00,Pending,4838.8
352,307,991,2026-05-22 0:00:00,Pending,19760.3
353,385,596,2026-02-07 0:00:00,Pending,11148.77
354,315,1172,2026-04-22 0:00:00,Cancelled,28184.62
355,689,543,2026-11-12 0:00:00,Cancelled,20626.43
356,219,717,2026-11-17 0:00:00,Cancelled,5009.91
357,851,425,2026-09-29 0:00:00,Pending,16439.81
358,615,221,2026-06-14 0:00:00,Cancelled,28077.54
359,1134,503,2026-04-06 0:00:00,Confirmed,13122.88
360,1183,870,2026-10-18 0:00:00,Cancelled,9752.64
361,568,1139,2026-03-23 0:00:00,Pending,15688.8
362,279,650,2026-04-04 0:00:00,Cancelled,24477.65
363,889,60,2026-08-02 0:00:00,Cancelled,8311.5
364,347,960,2026-01-15 0:00:00,Confirmed,14482.24
365,347,538,2026-10-15 0:00:00,Pending,27990.39
366,34,1059,2026-06-25 0:00:00,Cancelled,7345.18
367,50,613,2026-08-07 0:00:00,Cancelled,18173.14
368,520,831,2026-07-18 0:00:00,Cancelled,20612.26
369,1060,67,2026-10-24 0:00:00,Cancelled,22314.51
370,787,817,2026-08-17 0:00:00,Pending,27164.88
371,618,784,2026-01-20 0:00:00,Confirmed,7775.57
372,671,848,2026-02-10 0:00:00,Cancelled,11424.69
373,945,198,2026-12-22 0:00:00,Pending,7054.08
374,265,659,2026-12-05 0:00:00,Cancelled,14381.42
375,520,1160,2026-03-11 0:00:00,Cancelled,7037.18
376,9,30,2026-03-19 0:00:00,Confirmed,10537.79
377,995,619,2026-04-07 0:00:00,Cancelled,19090.61
378,259,1151,2026-05-01 0:00:00,Cancelled,11112.05
379,1003,361,2026-12-31 0:00:00,Cancelled,14645.08
380,1138,217,2026-02-17 0:00:00,Pending,26550.27
381,604,156,2026-06-26 0:00:00,Confirmed,20048.01
382,916,398,2026-02-03 0:00:00,Cancelled,17415.95
383,630,699,2026-12-05 0:00:00,Confirmed,29997.3
384,353,995,2026-01-09 0:00:00,Pending,5177.67
385,326,365,2026-12-11 0:00:00,Pending,18718.06
386,549,960,2026-07-05 0:00:00,Pending,28625.07
387,681,196,2026-08-11 0:00:00,Cancelled,11118.44
388,71,1046,2026-11-14 0:00:00,Pending,16543.68
389,512,1163,2026-10-21 0:00:00,Cancelled,13985.48
390,942,173,2026-03-07 0:00:00,Pending,20350.01
391,43,728,2026-08-29 0:00:00,Confirmed,13109.06
392,974,296,2026-11-08 0:00:00,Confirmed,14807.56
393,992,1197,2026-04-07 0:00:00,Pending,27123.53
394,851,434,2026-04-17 0:00:00,Pending,8568.91
395,117,438,2026-10-12 0:00:00,Pending,3754.55
396,27,1169,2026-12-16 0:00:00,Cancelled,22632.32
397,1175,390,2026-04-03 0:00:00,Confirmed,28631.47
398,784,755,2026-12-17 0:00:00,Pending,19915.85
399,1102,1084,2026-05-18 0:00:00,Confirmed,28407.96
400,406,136,2026-12-25 0:00:00,Cancelled,12973.24
401,486,273,2026-10-28 0:00:00,Confirmed,14900.12
402,510,337,2026-11-16 0:00:00,Pending,15838.36
403,432,118,2026-07-11 0:00:00,Confirmed,10832.77
404,1197,781,2026-05-16 0:00:00,Pending,3577.99
405,115,904,2026-10-13 0:00:00,Pending,27124.26
406,447,59,2026-11-21 0:00:00,Pending,17518.94
407,512,167,2026-11-08 0:00:00,Pending,4930.19
408,79,697,2026-12-09 0:00:00,Pending,29042.91
409,11,393,2026-03-29 0:00:00,Pending,24042.59
410,901,214,2026-05-15 0:00:00,Confirmed,11442.79
411,465,525,2026-06-11 0:00:00,Pending,16720.67
412,702,705,2026-01-03 0:00:00,Pending,7357.4
413,82,1168,2026-01-13 0:00:00,Confirmed,12245.54
414,343,643,2026-06-05 0:00:00,Confirmed,11015.74
415,1085,158,2026-07-18 0:00:00,Confirmed,9101.97
416,1066,730,2026-04-13 0:00:00,Cancelled,18176.82
417,438,1006,2026-09-27 0:00:00,Cancelled,20007.28
418,805,71,2026-08-07 0:00:00,Cancelled,28924.95
419,676,415,2026-11-22 0:00:00,Cancelled,25063.89
420,548,843,2026-03-08 0:00:00,Confirmed,17780.72
421,1185,1147,2026-10-29 0:00:00,Cancelled,15209.45
422,980,790,2026-08-16 0:00:00,Confirmed,28320.8
423,224,189,2026-10-27 0:00:00,Confirmed,4517.37
424,464,10,2026-12-10 0:00:00,Pending,19734.49
425,71,1141,2026-10-06 0:00:00,Pending,27565.04
426,508,948,2026-01-09 0:00:00,Pending,24420.4
427,87,9,2026-03-13 0:00:00,Cancelled,15236.31
428,567,980,2026-02-04 0:00:00,Pending,15170.56
429,695,563,2026-12-08 0:00:00,Confirmed,7122.31
430,177,211,2026-04-14 0:00:00,Pending,5972.79
431,1070,1003,2026-10-25 0:00:00,Cancelled,15935.5
432,124,232,2026-12-06 0:00:00,Pending,16069.54
433,703,865,2026-05-23 0:00:00,Cancelled,15519.99
434,97,897,2026-02-06 0:00:00,Cancelled,11196.41
435,543,320,2026-02-14 0:00:00,Pending,8365.12
436,658,788,2026-05-12 0:00:00,Cancelled,22790.19
437,28,653,2026-06-11 0:00:00,Pending,3654.96
438,360,587,2026-02-20 0:00:00,Confirmed,27088.78
439,1084,570,2026-08-18 0:00:00,Cancelled,3209.35
440,1052,279,2026-04-17 0:00:00,Cancelled,3688.05
441,1169,842,2026-06-26 0:00:00,Confirmed,13328.66
442,226,791,2026-05-23 0:00:00,Confirmed,13357.21
443,1073,105,2026-12-19 0:00:00,Pending,17850.68
444,874,497,2026-07-20 0:00:00,Confirmed,3856.28
445,226,490,2026-08-22 0:00:00,Pending,28495.36
446,570,506,2026-07-20 0:00:00,Pending,24106.88
447,696,216,2026-03-16 0:00:00,Confirmed,13718.4
448,443,215,2026-08-02 0:00:00,Cancelled,15496.11
449,408,140,2026-05-27 0:00:00,Pending,22859.65
450,788,1185,2026-06-27 0:00:00,Confirmed,18957.27
451,761,875,2026-02-12 0:00:00,Confirmed,4805.92
452,263,265,2026-01-07 0:00:00,Cancelled,3952.54
453,1081,197,2026-06-06 0:00:00,Pending,8701.94
454,32,60,2026-04-15 0:00:00,Cancelled,9571.4
455,75,960,2026-02-15 0:00:00,Cancelled,26799.27
456,507,405,2026-08-06 0:00:00,Confirmed,9315.3
457,740,801,2026-04-17 0:00:00,Pending,13732.48
458,395,1018,2026-01-17 0:00:00,Confirmed,27617.07
459,12,1053,2026-07-29 0:00:00,Confirmed,8094.7
460,1143,528,2026-09-19 0:00:00,Cancelled,27689.07
461,1107,14,2026-06-18 0:00:00,Cancelled,14236.31
462,761,377,2026-04-24 0:00:00,Cancelled,11483.22
463,1008,701,2026-10-08 0:00:00,Confirmed,6271.93
464,866,415,2026-07-14 0:00:00,Pending,2573.09
465,417,591,2026-12-10 0:00:00,Cancelled,7483.46
466,1114,920,2026-10-25 0:00:00,Confirmed,2979.7
467,943,440,2026-01-21 0:00:00,Confirmed,21772.48
468,54,1166,2026-09-01 0:00:00,Cancelled,19135.19
469,325,1186,2026-05-03 0:00:00,Pending,4933.85
470,677,1032,2026-05-14 0:00:00,Pending,8305.4
471,881,269,2026-12-08 0:00:00,Cancelled,16125.83
472,390,1129,2026-10-18 0:00:00,Confirmed,25660.49
473,226,947,2026-03-19 0:00:00,Cancelled,10406.81
474,378,997,2026-09-03 0:00:00,Pending,17315.38
475,827,222,2026-06-12 0:00:00,Cancelled,23640.63
476,773,62,2026-11-04 0:00:00,Cancelled,15512.16
477,828,1131,2026-09-03 0:00:00,Confirmed,21146.76
478,878,265,2026-12-10 0:00:00,Confirmed,23297.31
479,405,653,2026-10-31 0:00:00,Confirmed,22378.18
480,349,38,2026-06-28 0:00:00,Cancelled,23667.87
481,317,581,2026-04-27 0:00:00,Confirmed,7049.1
482,180,570,2026-10-22 0:00:00,Cancelled,29238.91
483,985,2,2026-11-20 0:00:00,Confirmed,18338.52
484,74,288,2026-05-12 0:00:00,Pending,10089.05
485,280,313,2026-08-08 0:00:00,Confirmed,20232.34
486,9,265,2026-01-05 0:00:00,Pending,2511.52
487,770,1032,2026-03-13 0:00:00,Confirmed,18619.02
488,857,1037,2026-11-28 0:00:00,Cancelled,9118.38
489,643,532,2026-04-02 0:00:00,Confirmed,29655.58
490,1020,877,2026-04-19 0:00:00,Confirmed,24006.84
491,622,157,2026-12-13 0:00:00,Confirmed,28644.37
492,257,1022,2026-12-26 0:00:00,Pending,6481.4
493,432,23,2026-08-16 0:00:00,Cancelled,29058.87
494,309,757,2026-02-09 0:00:00,Cancelled,9970.61
495,825,1143,2026-12-18 0:00:00,Cancelled,23174.26
496,287,893,2026-09-12 0:00:00,Pending,7263.22
497,615,453,2026-03-10 0:00:00,Pending,19174.18
498,632,859,2026-12-10 0:00:00,Confirmed,28636.83
499,675,1056,2026-01-12 0:00:00,Pending,27162.8
500,890,817,2026-10-31 0:00:00,Cancelled,24597.08
501,108,242,2026-01-23 0:00:00,Pending,16078.4
502,769,681,2026-03-18 0:00:00,Confirmed,5546.79
503,139,182,2026-12-14 0:00:00,Pending,18714.02
504,1058,394,2026-12-12 0:00:00,Cancelled,8581.07
505,608,568,2026-09-26 0:00:00,Cancelled,12904.65
506,571,833,2026-11-07 0:00:00,Pending,10652.53
507,638,606,2026-10-12 0:00:00,Pending,25163.82
508,300,730,2026-04-05 0:00:00,Pending,8005.97
509,1173,440,2026-06-13 0:00:00,Confirmed,24884.76
510,390,920,2026-05-19 0:00:00,Pending,15377.54
511,927,1021,2026-08-12 0:00:00,Confirmed,8513.11
512,733,436,2026-07-30 0:00:00,Confirmed,24727.57
513,1098,774,2026-09-03 0:00:00,Cancelled,5000.1
514,153,197,2026-11-27 0:00:00,Pending,29034.09
515,636,583,2026-09-15 0:00:00,Pending,15469.84
516,45,501,2026-07-03 0:00:00,Confirmed,10343.02
517,847,190,2026-04-11 0:00:00,Cancelled,18986.18
518,34,286,2026-05-11 0:00:00,Confirmed,3017.33
519,208,125,2026-11-14 0:00:00,Pending,5735.15
520,891,1,2026-08-17 0:00:00,Confirmed,4629.14
521,542,963,2026-07-05 0:00:00,Pending,10319.73
522,428,876,2026-08-18 0:00:00,Pending,8293.5
523,688,865,2026-07-06 0:00:00,Confirmed,24510.49
524,635,1198,2026-08-24 0:00:00,Cancelled,5474.22
525,518,389,2026-11-25 0:00:00,Cancelled,29548.79
526,776,417,2026-03-18 0:00:00,Pending,27259.46
527,253,455,2026-04-25 0:00:00,Pending,12903.47
528,438,872,2026-02-04 0:00:00,Cancelled,6400.82
529,599,221,2026-10-10 0:00:00,Cancelled,6827.15
530,606,1162,2026-08-03 0:00:00,Pending,19354.05
531,363,589,2026-06-15 0:00:00,Confirmed,5786.12
532,909,870,2026-12-14 0:00:00,Cancelled,6970.57
533,941,507,2026-12-07 0:00:00,Pending,28768.48
534,7,1149,2026-07-31 0:00:00,Pending,18243.59
535,606,577,2026-02-09 0:00:00,Confirmed,7428.04
536,42,951,2026-04-15 0:00:00,Pending,25819.7
537,567,474,2026-09-25 0:00:00,Pending,19790.42
538,197,469,2026-04-02 0:00:00,Confirmed,27719.25
539,845,671,2026-09-09 0:00:00,Cancelled,25914.6
540,612,896,2026-09-26 0:00:00,Confirmed,25287.2
541,215,1197,2026-02-12 0:00:00,Pending,10144.2
542,819,63,2026-08-25 0:00:00,Cancelled,21358.87
543,322,828,2026-12-16 0:00:00,Pending,23160.92
544,756,675,2026-08-11 0:00:00,Confirmed,26265.59
545,1068,896,2026-06-08 0:00:00,Confirmed,13971.95
546,1087,969,2026-01-09 0:00:00,Cancelled,7211.81
547,458,958,2026-07-31 0:00:00,Cancelled,23792.86
548,997,156,2026-11-03 0:00:00,Pending,22250.83
549,1037,684,2026-12-07 0:00:00,Pending,10921.53
550,529,274,2026-05-24 0:00:00,Cancelled,17672.08
551,693,588,2026-11-28 0:00:00,Cancelled,25491.99
552,723,597,2026-01-23 0:00:00,Pending,28073.59
553,968,660,2026-03-08 0:00:00,Confirmed,4470.17
554,420,830,2026-07-26 0:00:00,Confirmed,8179.81
555,25,1120,2026-02-12 0:00:00,Pending,4398.04
556,111,101,2026-08-07 0:00:00,Cancelled,15302.35
557,221,869,2026-06-29 0:00:00,Confirmed,26967.37
558,785,1148,2026-11-16 0:00:00,Cancelled,29989.21
559,234,963,2026-10-22 0:00:00,Pending,21690.41
560,594,424,2026-06-14 0:00:00,Confirmed,9034.44
561,287,1180,2026-12-28 0:00:00,Confirmed,19417.7
562,904,814,2026-09-11 0:00:00,Pending,5687.45
563,1035,1060,2026-12-02 0:00:00,Confirmed,21178.19
564,848,91,2026-01-23 0:00:00,Cancelled,21738.18
565,252,94,2026-08-25 0:00:00,Confirmed,22451.81
566,272,5,2026-08-06 0:00:00,Confirmed,18498.79
567,312,124,2026-02-16 0:00:00,Pending,4750.06
568,683,625,2026-06-04 0:00:00,Pending,5095.16
569,510,380,2026-08-05 0:00:00,Cancelled,14733.51
570,496,149,2026-10-17 0:00:00,Cancelled,11951.67
571,165,502,2026-12-30 0:00:00,Pending,21014.99
572,195,519,2026-12-19 0:00:00,Cancelled,15986.63
573,246,1113,2026-03-12 0:00:00,Cancelled,28002.05
574,842,7,2026-09-28 0:00:00,Confirmed,12118.77
575,84,521,2026-11-22 0:00:00,Pending,20934.38
576,862,384,2026-05-15 0:00:00,Confirmed,20629.41
577,622,203,2026-06-20 0:00:00,Confirmed,17148.33
578,352,150,2026-08-09 0:00:00,Pending,4749.11
579,241,624,2026-06-16 0:00:00,Confirmed,8272.48
580,896,82,2026-07-07 0:00:00,Cancelled,10591.49
581,358,6,2026-03-20 0:00:00,Confirmed,3065.08
582,643,802,2026-09-17 0:00:00,Pending,14851.81
583,909,496,2026-07-14 0:00:00,Confirmed,7772.34
584,969,737,2026-08-01 0:00:00,Pending,28936.29
585,498,821,2026-09-09 0:00:00,Confirmed,4776.29
586,280,360,2026-03-31 0:00:00,Confirmed,10284.46
587,584,1067,2026-05-16 0:00:00,Cancelled,11483.06
588,330,544,2026-12-14 0:00:00,Cancelled,11916.29
589,124,802,2026-06-05 0:00:00,Confirmed,29137.91
590,296,658,2026-07-17 0:00:00,Cancelled,15340.79
591,558,433,2026-12-29 0:00:00,Cancelled,20160.48
592,147,272,2026-10-14 0:00:00,Cancelled,22795.85
593,367,1034,2026-01-30 0:00:00,Pending,14800.6
594,799,218,2026-06-18 0:00:00,Pending,24807.08
595,109,755,2026-07-31 0:00:00,Pending,19568.87
596,682,1130,2026-11-15 0:00:00,Confirmed,21875.21
597,1149,937,2026-08-03 0:00:00,Pending,5308.42
598,84,858,2026-01-28 0:00:00,Cancelled,20141.08
599,438,730,2026-07-24 0:00:00,Confirmed,8270.46
600,962,263,2026-09-14 0:00:00,Cancelled,8276.1
601,1012,98,2026-02-06 0:00:00,Pending,14094.15
602,1150,221,2026-12-06 0:00:00,Pending,28949.43
603,524,1030,2026-01-12 0:00:00,Cancelled,6584.86
604,520,935,2026-04-03 0:00:00,Confirmed,20983.6
605,415,1100,2026-12-16 0:00:00,Confirmed,11827.05
606,101,1044,2026-07-27 0:00:00,Cancelled,24218.32
607,1194,956,2026-11-30 0:00:00,Cancelled,21522.52
608,357,83,2026-07-23 0:00:00,Confirmed,29194.55
609,1109,301,2026-12-11 0:00:00,Confirmed,18124.05
610,118,1089,2026-07-24 0:00:00,Confirmed,18025.33
611,81,352,2026-08-16 0:00:00,Confirmed,6743.21
612,1115,256,2026-12-24 0:00:00,Pending,2690.85
613,665,261,2026-07-01 0:00:00,Confirmed,27374.45
614,137,989,2026-09-14 0:00:00,Cancelled,24008.28
615,984,643,2026-09-30 0:00:00,Confirmed,27641.81
616,466,1145,2026-06-06 0:00:00,Pending,11314.86
617,684,254,2026-07-03 0:00:00,Confirmed,11207.39
618,831,736,2026-04-29 0:00:00,Pending,10849.11
619,986,620,2026-02-16 0:00:00,Cancelled,8159.63
620,828,1180,2026-02-10 0:00:00,Cancelled,11151.19
621,658,1151,2026-07-19 0:00:00,Confirmed,29113.81
622,73,600,2026-05-17 0:00:00,Pending,11838.22
623,575,1110,2026-01-13 0:00:00,Cancelled,16118.88
624,1182,415,2026-07-08 0:00:00,Confirmed,9628.04
625,938,823,2026-02-04 0:00:00,Pending,3022.62
626,1180,470,2026-05-09 0:00:00,Confirmed,21192.18
627,681,335,2026-04-15 0:00:00,Pending,8601.94
628,123,81,2026-01-19 0:00:00,Cancelled,17476.48
629,267,1140,2026-03-16 0:00:00,Confirmed,24231.64
630,174,986,2026-08-26 0:00:00,Cancelled,14438.51
631,32,1008,2026-06-24 0:00:00,Pending,9377.43
632,391,832,2026-09-05 0:00:00,Cancelled,8267.19
633,90,157,2026-06-25 0:00:00,Confirmed,11254.99
634,618,367,2026-05-18 0:00:00,Pending,7528.33
635,742,416,2026-09-07 0:00:00,Cancelled,20886.73
636,731,314,2026-06-02 0:00:00,Pending,14060.26
637,264,184,2026-07-21 0:00:00,Pending,28573.76
638,506,828,2026-11-20 0:00:00,Cancelled,14498.86
639,619,110,2026-12-14 0:00:00,Pending,4417.75
640,306,17,2026-06-17 0:00:00,Cancelled,10664.37
641,156,407,2026-05-26 0:00:00,Confirmed,4948.31
642,683,945,2026-03-10 0:00:00,Confirmed,17104.47
643,449,157,2026-10-20 0:00:00,Cancelled,13479.35
644,870,90,2026-02-15 0:00:00,Pending,23464.47
645,988,6,2026-02-26 0:00:00,Confirmed,6710.57
646,53,356,2026-02-22 0:00:00,Cancelled,20816.06
647,133,1011,2026-09-04 0:00:00,Cancelled,9331.03
648,849,895,2026-12-16 0:00:00,Confirmed,15322.29
649,793,887,2026-06-19 0:00:00,Pending,9444.87
650,558,1103,2026-03-07 0:00:00,Cancelled,18922.59
651,128,588,2026-04-30 0:00:00,Confirmed,6689.72
652,310,949,2026-01-12 0:00:00,Confirmed,29518.09
653,276,55,2026-01-29 0:00:00,Cancelled,28035.95
654,750,721,2026-02-13 0:00:00,Confirmed,17035.13
655,278,568,2026-03-22 0:00:00,Confirmed,3207.35
656,676,723,2026-09-14 0:00:00,Cancelled,8106.66
657,1141,1016,2026-10-02 0:00:00,Pending,20115
658,14,259,2026-08-26 0:00:00,Cancelled,6163.1
659,128,410,2026-07-06 0:00:00,Cancelled,24617.96
660,139,697,2026-12-21 0:00:00,Pending,19560.23
661,387,651,2026-04-09 0:00:00,Pending,24509.41
662,466,747,2026-11-13 0:00:00,Pending,21477.51
663,1110,939,2026-12-27 0:00:00,Pending,16566.87
664,557,35,2026-12-22 0:00:00,Pending,19189.93
665,596,112,2026-06-25 0:00:00,Pending,22126.89
666,236,1008,2026-09-10 0:00:00,Pending,24824.38
667,771,1111,2026-11-16 0:00:00,Pending,10221.53
668,696,13,2026-09-15 0:00:00,Confirmed,15958.03
669,957,447,2026-03-08 0:00:00,Pending,5841.02
670,377,899,2026-05-17 0:00:00,Cancelled,29831.05
671,1084,446,2026-02-23 0:00:00,Cancelled,22736.46
672,228,728,2026-07-08 0:00:00,Pending,15926.6
673,150,1186,2026-12-30 0:00:00,Cancelled,14519.57
674,1162,930,2026-08-21 0:00:00,Cancelled,14174.87
675,723,222,2026-12-03 0:00:00,Cancelled,25893
676,359,154,2026-04-11 0:00:00,Confirmed,21056.61
677,553,928,2026-04-06 0:00:00,Confirmed,11772.57
678,247,839,2026-04-01 0:00:00,Pending,21529.13
679,1104,1064,2026-07-05 0:00:00,Pending,23245.08
680,507,426,2026-05-18 0:00:00,Confirmed,4605.97
681,217,219,2026-08-01 0:00:00,Confirmed,11003.9
682,554,136,2026-07-27 0:00:00,Cancelled,7753.05
683,304,1020,2026-12-17 0:00:00,Confirmed,24256.12
684,425,153,2026-01-28 0:00:00,Pending,10126.29
685,643,676,2026-01-11 0:00:00,Cancelled,12724.75
686,240,876,2026-03-09 0:00:00,Cancelled,23915.59
687,1193,705,2026-12-26 0:00:00,Confirmed,23699.39
688,428,275,2026-12-17 0:00:00,Cancelled,16911.03
689,939,120,2026-09-11 0:00:00,Cancelled,27707.38
690,513,1097,2026-07-05 0:00:00,Cancelled,27023.23
691,1127,523,2026-07-17 0:00:00,Confirmed,21265.78
692,258,255,2026-09-23 0:00:00,Confirmed,14933.99
693,934,111,2026-04-10 0:00:00,Confirmed,2905.8
694,543,1094,2026-08-19 0:00:00,Cancelled,3865.66
695,814,37,2026-12-20 0:00:00,Cancelled,29115.23
696,233,594,2026-01-19 0:00:00,Cancelled,9135.96
697,87,802,2026-03-13 0:00:00,Confirmed,27627.14
698,982,999,2026-04-25 0:00:00,Cancelled,8722.46
699,752,1109,2026-06-18 0:00:00,Cancelled,24920.94
700,777,957,2026-02-24 0:00:00,Cancelled,11953.77
701,266,812,2026-01-08 0:00:00,Confirmed,29447.04
702,252,625,2026-07-14 0:00:00,Cancelled,26759.2
703,473,1021,2026-02-07 0:00:00,Cancelled,24664.72
704,109,953,2026-02-20 0:00:00,Cancelled,6795.78
705,562,910,2026-11-15 0:00:00,Pending,25351.27
706,669,1012,2026-03-01 0:00:00,Cancelled,9065
707,269,805,2026-11-16 0:00:00,Confirmed,17324.66
708,969,36,2026-03-28 0:00:00,Cancelled,3583.53
709,681,1108,2026-04-22 0:00:00,Confirmed,27004.67
710,855,724,2026-11-18 0:00:00,Cancelled,12581.81
711,992,483,2026-06-25 0:00:00,Confirmed,9356.92
712,379,133,2026-10-24 0:00:00,Cancelled,13022.07
713,990,1001,2026-05-17 0:00:00,Pending,25469.91
714,363,654,2026-12-18 0:00:00,Cancelled,11911.23
715,464,530,2026-03-12 0:00:00,Pending,19885.53
716,125,235,2026-02-20 0:00:00,Pending,14136.95
717,259,1038,2026-12-17 0:00:00,Pending,14402.28
718,478,26,2026-03-22 0:00:00,Pending,27868.5
719,902,633,2026-12-10 0:00:00,Pending,18407.48
720,783,755,2026-04-01 0:00:00,Pending,14325.13
721,795,651,2026-04-19 0:00:00,Confirmed,29821.68
722,72,547,2026-09-09 0:00:00,Pending,26401.06
723,239,792,2026-01-03 0:00:00,Confirmed,21567.52
724,261,632,2026-06-14 0:00:00,Cancelled,8183.09
725,1068,1132,2026-10-02 0:00:00,Cancelled,2878.86
726,1083,1141,2026-12-21 0:00:00,Confirmed,20909.26
727,587,200,2026-08-26 0:00:00,Confirmed,6061.15
728,306,286,2026-08-09 0:00:00,Cancelled,13736.52
729,1113,129,2026-04-29 0:00:00,Cancelled,22756.46
730,1069,566,2026-07-16 0:00:00,Pending,10571.39
731,601,842,2026-04-18 0:00:00,Confirmed,8838.11
732,1054,746,2026-07-09 0:00:00,Confirmed,11900.34
733,173,296,2026-02-04 0:00:00,Confirmed,14495.76
734,593,1159,2026-05-14 0:00:00,Confirmed,17322.57
735,874,623,2026-06-08 0:00:00,Confirmed,3234.57
736,82,378,2026-03-31 0:00:00,Pending,18758.6
737,417,920,2026-07-22 0:00:00,Pending,10576.41
738,651,1156,2026-12-07 0:00:00,Confirmed,22761.95
739,1109,762,2026-01-12 0:00:00,Cancelled,22290.42
740,740,1008,2026-03-13 0:00:00,Cancelled,26524.33
741,495,890,2026-10-05 0:00:00,Cancelled,5265.64
742,448,965,2026-02-25 0:00:00,Pending,4699.57
743,6,687,2026-07-05 0:00:00,Pending,22243.57
744,1081,299,2026-12-06 0:00:00,Cancelled,19579.81
745,707,289,2026-04-07 0:00:00,Cancelled,13312.49
746,1184,359,2026-08-16 0:00:00,Confirmed,27891.33
747,476,990,2026-09-12 0:00:00,Confirmed,23079.62
748,117,376,2026-12-20 0:00:00,Pending,3404.54
749,769,411,2026-03-20 0:00:00,Pending,7682.27
750,942,1150,2026-08-24 0:00:00,Cancelled,24012.34
751,151,579,2026-06-09 0:00:00,Pending,9073.74
752,557,443,2026-10-11 0:00:00,Confirmed,2673.19
753,793,177,2026-03-29 0:00:00,Pending,24306.43
754,111,365,2026-01-02 0:00:00,Pending,17622.42
755,606,833,2026-07-24 0:00:00,Cancelled,18632.41
756,431,1183,2026-08-29 0:00:00,Pending,18309.7
757,1104,681,2026-04-21 0:00:00,Pending,7622.55
758,1071,573,2026-03-01 0:00:00,Cancelled,26954.96
759,189,136,2026-03-18 0:00:00,Confirmed,8797.63
760,6,695,2026-07-05 0:00:00,Confirmed,4907.19
761,676,15,2026-01-21 0:00:00,Pending,19115.05
762,649,1150,2026-08-06 0:00:00,Pending,7837.18
763,235,1140,2026-12-19 0:00:00,Confirmed,7778.71
764,956,4,2026-07-13 0:00:00,Pending,17885.87
765,1002,838,2026-10-28 0:00:00,Cancelled,29599.27
766,1040,753,2026-01-28 0:00:00,Pending,12910.86
767,1051,165,2026-01-08 0:00:00,Cancelled,22308.97
768,594,895,2026-03-06 0:00:00,Cancelled,25507.17
769,499,996,2026-09-19 0:00:00,Confirmed,20216.62
770,49,352,2026-10-21 0:00:00,Confirmed,17250.62
771,997,654,2026-11-10 0:00:00,Pending,13444.48
772,990,338,2026-01-14 0:00:00,Cancelled,6890.4
773,452,1106,2026-03-17 0:00:00,Pending,10151.01
774,374,326,2026-03-05 0:00:00,Confirmed,19064.36
775,195,560,2026-02-27 0:00:00,Confirmed,13763.68
776,864,753,2026-11-06 0:00:00,Confirmed,29328.14
777,1105,1047,2026-03-23 0:00:00,Confirmed,17785.43
778,832,1031,2026-08-19 0:00:00,Cancelled,20042.54
779,879,420,2026-10-03 0:00:00,Pending,24258.24
780,49,1132,2026-04-18 0:00:00,Pending,19400.44
781,697,59,2026-10-29 0:00:00,Confirmed,8485.5
782,1080,619,2026-01-16 0:00:00,Pending,9011.88
783,120,71,2026-10-18 0:00:00,Cancelled,23588.35
784,644,38,2026-12-13 0:00:00,Confirmed,14001.99
785,285,408,2026-04-29 0:00:00,Cancelled,16038.96
786,356,729,2026-07-07 0:00:00,Confirmed,28662.68
787,866,197,2026-07-18 0:00:00,Pending,4184.42
788,62,931,2026-12-03 0:00:00,Pending,4597.96
789,291,598,2026-03-14 0:00:00,Cancelled,8481.77
790,892,275,2026-09-12 0:00:00,Cancelled,17010.18
791,54,384,2026-12-18 0:00:00,Cancelled,3564.59
792,521,457,2026-03-30 0:00:00,Pending,16860.98
793,340,370,2026-07-08 0:00:00,Cancelled,25073.89
794,364,1005,2026-02-01 0:00:00,Pending,10143.62
795,471,196,2026-04-20 0:00:00,Confirmed,21405.02
796,385,1088,2026-02-06 0:00:00,Pending,19859.02
797,1131,249,2026-04-28 0:00:00,Confirmed,27236.13
798,300,613,2026-06-25 0:00:00,Pending,6238.02
799,83,751,2026-10-26 0:00:00,Cancelled,28801.34
800,1126,27,2026-04-15 0:00:00,Confirmed,11985.89
801,1176,282,2026-02-04 0:00:00,Confirmed,29041.33
802,53,563,2026-11-10 0:00:00,Confirmed,3256.87
803,759,1038,2026-04-24 0:00:00,Pending,15140.82
804,646,855,2026-08-25 0:00:00,Confirmed,27787.95
805,359,1106,2026-09-09 0:00:00,Cancelled,4515.75
806,869,621,2026-04-20 0:00:00,Pending,20813.44
807,716,87,2026-10-30 0:00:00,Cancelled,28658.54
808,650,176,2026-04-09 0:00:00,Confirmed,17344.97
809,943,593,2026-08-09 0:00:00,Confirmed,9746.32
810,778,924,2026-01-01 0:00:00,Cancelled,5696.55
811,382,284,2026-01-27 0:00:00,Cancelled,20019.55
812,620,190,2026-09-30 0:00:00,Cancelled,7051.35
813,481,312,2026-09-20 0:00:00,Pending,4443.96
814,1150,727,2026-11-12 0:00:00,Confirmed,8076.83
815,711,914,2026-06-01 0:00:00,Pending,24483.93
816,656,455,2026-11-29 0:00:00,Confirmed,3261.94
817,420,349,2026-03-12 0:00:00,Pending,16921.01
818,571,1195,2026-05-06 0:00:00,Confirmed,25360.59
819,464,124,2026-05-26 0:00:00,Pending,3669.29
820,1177,234,2026-09-17 0:00:00,Cancelled,10735.85
821,300,853,2026-05-15 0:00:00,Confirmed,17100.53
822,200,426,2026-03-13 0:00:00,Cancelled,20899.76
823,1157,1123,2026-04-08 0:00:00,Cancelled,10328.75
824,626,315,2026-04-02 0:00:00,Pending,24148.69
825,22,1095,2026-07-14 0:00:00,Confirmed,9960.69
826,903,569,2026-06-22 0:00:00,Pending,17023.24
827,86,586,2026-05-09 0:00:00,Pending,20579.36
828,104,1177,2026-06-17 0:00:00,Confirmed,5104.66
829,585,57,2026-12-13 0:00:00,Confirmed,8633.17
830,1045,127,2026-09-01 0:00:00,Pending,9866.42
831,582,949,2026-02-27 0:00:00,Cancelled,20301.37
832,332,1165,2026-08-23 0:00:00,Cancelled,12541.42
833,941,785,2026-01-28 0:00:00,Cancelled,8990.6
834,642,1151,2026-09-04 0:00:00,Pending,10793.16
835,597,294,2026-12-28 0:00:00,Confirmed,24423.17
836,404,1133,2026-01-15 0:00:00,Cancelled,28544.26
837,187,922,2026-02-07 0:00:00,Confirmed,13563.82
838,1022,973,2026-07-17 0:00:00,Confirmed,10808.07
839,1137,762,2026-06-14 0:00:00,Cancelled,17730.35
840,306,232,2026-09-09 0:00:00,Cancelled,13004.68
841,533,586,2026-10-23 0:00:00,Confirmed,15890.35
842,46,153,2026-07-19 0:00:00,Cancelled,14073.46
843,337,844,2026-08-17 0:00:00,Pending,7535.9
844,276,249,2026-12-13 0:00:00,Cancelled,7100.14
845,767,109,2026-03-16 0:00:00,Confirmed,9440.34
846,1102,310,2026-10-15 0:00:00,Confirmed,9548.48
847,166,588,2026-07-31 0:00:00,Pending,25603.96
848,438,120,2026-12-17 0:00:00,Cancelled,3202.4
849,953,746,2026-05-24 0:00:00,Cancelled,21252.91
850,876,653,2026-10-03 0:00:00,Confirmed,29357.24
851,127,1079,2026-01-03 0:00:00,Confirmed,4595.87
852,900,859,2026-06-02 0:00:00,Confirmed,8274.35
853,739,614,2026-12-10 0:00:00,Cancelled,24838.29
854,968,643,2026-09-13 0:00:00,Confirmed,22323.83
855,823,177,2026-11-22 0:00:00,Pending,10225.57
856,983,971,2026-06-07 0:00:00,Pending,17011.09
857,951,797,2026-03-06 0:00:00,Pending,26122.04
858,176,1015,2026-11-01 0:00:00,Pending,10697.76
859,595,586,2026-03-23 0:00:00,Cancelled,5289.62
860,1103,427,2026-11-02 0:00:00,Cancelled,6680.23
861,1179,777,2026-06-21 0:00:00,Cancelled,15429.38
862,283,373,2026-10-24 0:00:00,Confirmed,3057.75
863,927,103,2026-10-16 0:00:00,Pending,3101.18
864,901,861,2026-04-11 0:00:00,Cancelled,15607.89
865,86,618,2026-06-24 0:00:00,Pending,5766.96
866,140,916,2026-03-21 0:00:00,Cancelled,15278.5
867,419,243,2026-05-03 0:00:00,Pending,7721.53
868,905,653,2026-04-17 0:00:00,Pending,3532.65
869,1000,162,2026-06-19 0:00:00,Pending,21650.45
870,130,342,2026-07-18 0:00:00,Confirmed,2562.38
871,266,421,2026-05-28 0:00:00,Confirmed,10673.73
872,909,595,2026-06-24 0:00:00,Pending,16598.02
873,531,1181,2026-10-09 0:00:00,Cancelled,26695.1
874,273,615,2026-11-02 0:00:00,Pending,18068.65
875,523,280,2026-11-06 0:00:00,Cancelled,19433.83
876,244,642,2026-06-18 0:00:00,Pending,25974.18
877,63,16,2026-05-11 0:00:00,Pending,19976.68
878,45,822,2026-09-07 0:00:00,Pending,19880.36
879,537,1175,2026-01-25 0:00:00,Cancelled,21663.96
880,1083,286,2027-01-01 0:00:00,Pending,12240.79
881,195,202,2026-03-07 0:00:00,Cancelled,28157.82
882,134,466,2026-05-04 0:00:00,Pending,18245.36
883,801,415,2026-01-18 0:00:00,Cancelled,11009.21
884,664,1106,2026-10-19 0:00:00,Confirmed,29595.58
885,311,332,2026-09-24 0:00:00,Pending,14083.12
886,1,432,2026-03-27 0:00:00,Pending,8855.74
887,683,238,2026-02-16 0:00:00,Confirmed,8101.79
888,138,431,2026-05-08 0:00:00,Confirmed,10718.06
889,506,116,2026-12-06 0:00:00,Confirmed,16271.43
890,253,72,2026-06-01 0:00:00,Confirmed,27268.5
891,368,487,2026-04-15 0:00:00,Pending,20175.35
892,76,1048,2026-05-31 0:00:00,Cancelled,4760.68
893,409,312,2026-10-31 0:00:00,Confirmed,13085.54
894,1117,352,2026-12-05 0:00:00,Confirmed,18448.56
895,761,942,2026-11-07 0:00:00,Pending,23039
896,1127,1115,2026-09-18 0:00:00,Cancelled,16841.69
897,1012,782,2026-10-21 0:00:00,Cancelled,24139.94
898,951,515,2026-08-12 0:00:00,Cancelled,3899.27
899,517,596,2026-06-20 0:00:00,Pending,13179.8
900,40,389,2026-06-18 0:00:00,Cancelled,17622.62
901,885,317,2026-12-07 0:00:00,Cancelled,20866.97
902,845,929,2026-08-14 0:00:00,Cancelled,14370.49
903,916,156,2026-09-28 0:00:00,Pending,15662.03
904,1051,333,2026-01-10 0:00:00,Confirmed,23315.47
905,802,817,2026-05-26 0:00:00,Cancelled,13529.03
906,828,461,2026-01-06 0:00:00,Pending,7215.04
907,605,212,2026-12-30 0:00:00,Confirmed,20979.6
908,738,321,2026-02-23 0:00:00,Cancelled,17008.04
909,169,1121,2026-03-21 0:00:00,Cancelled,28507.37
910,366,513,2026-05-08 0:00:00,Pending,4426.26
911,854,1063,2026-09-16 0:00:00,Pending,18966.73
912,248,286,2026-02-12 0:00:00,Pending,17061.93
913,28,487,2026-12-30 0:00:00,Confirmed,27199.88
914,778,1119,2026-06-13 0:00:00,Cancelled,27033.75
915,297,352,2026-03-22 0:00:00,Confirmed,26778.09
916,211,991,2026-11-28 0:00:00,Confirmed,15400.08
917,733,560,2026-09-15 0:00:00,Cancelled,19908.44
918,65,178,2026-07-06 0:00:00,Confirmed,8952.55
919,233,457,2026-08-31 0:00:00,Pending,11199.6
920,361,764,2026-05-18 0:00:00,Confirmed,25903.06
921,446,265,2026-08-30 0:00:00,Cancelled,24253.1
922,1027,519,2026-12-21 0:00:00,Pending,12623.41
923,626,45,2026-10-28 0:00:00,Pending,26619.02
924,496,1171,2026-03-23 0:00:00,Confirmed,4211.8
925,138,241,2026-01-25 0:00:00,Confirmed,11931
926,829,120,2026-11-04 0:00:00,Pending,29726.55
927,190,661,2026-06-07 0:00:00,Cancelled,8190.99
928,354,482,2026-11-21 0:00:00,Confirmed,11556.58
929,907,649,2026-12-14 0:00:00,Pending,28300.62
930,951,984,2026-03-22 0:00:00,Confirmed,13627.28
931,1012,847,2026-01-12 0:00:00,Confirmed,6886.56
932,486,111,2026-11-25 0:00:00,Pending,13024.15
933,191,990,2026-08-31 0:00:00,Pending,10556.19
934,1196,1031,2026-06-10 0:00:00,Confirmed,17913.43
935,837,814,2026-05-05 0:00:00,Confirmed,10328.8
936,1139,746,2026-01-09 0:00:00,Pending,28627.45
937,102,464,2026-04-14 0:00:00,Confirmed,27453.75
938,967,1007,2026-01-18 0:00:00,Pending,12041.45
939,20,509,2026-01-21 0:00:00,Pending,6648.06
940,115,135,2026-05-18 0:00:00,Pending,29465.95
941,504,265,2026-06-27 0:00:00,Cancelled,15015.31
942,927,726,2026-07-24 0:00:00,Confirmed,22809.9
943,876,543,2026-04-03 0:00:00,Cancelled,25140.5
944,238,660,2026-11-16 0:00:00,Cancelled,22168.36
945,1099,973,2026-01-24 0:00:00,Cancelled,4414.98
946,684,766,2026-11-25 0:00:00,Confirmed,23586.21
947,466,1176,2026-08-15 0:00:00,Pending,10196.02
948,550,218,2026-06-03 0:00:00,Cancelled,12768.77
949,592,835,2026-06-09 0:00:00,Pending,28292.1
950,597,691,2026-10-18 0:00:00,Cancelled,22137.86
951,566,1200,2026-03-22 0:00:00,Cancelled,3939.07
952,1024,253,2026-06-24 0:00:00,Confirmed,27825.99
953,1012,503,2026-07-19 0:00:00,Confirmed,4522.77
954,1198,1153,2026-12-01 0:00:00,Pending,27015.97
955,125,1012,2026-05-09 0:00:00,Pending,4058.84
956,132,982,2026-07-18 0:00:00,Cancelled,18317.84
957,241,542,2026-07-20 0:00:00,Pending,24193.01
958,625,117,2026-03-17 0:00:00,Confirmed,19692.51
959,66,1056,2026-07-07 0:00:00,Cancelled,6677.87
960,264,332,2026-02-08 0:00:00,Confirmed,23957.47
961,782,1065,2026-08-08 0:00:00,Pending,7364.76
962,790,1150,2026-11-22 0:00:00,Confirmed,20521.08
963,251,732,2026-11-22 0:00:00,Confirmed,29375.73
964,181,701,2026-12-10 0:00:00,Pending,11331.46
965,619,411,2026-05-15 0:00:00,Confirmed,13342.06
966,599,1027,2026-06-20 0:00:00,Confirmed,20233.34
967,484,831,2026-02-26 0:00:00,Confirmed,22722.36
968,440,11,2026-04-10 0:00:00,Confirmed,8536.05
969,1009,400,2026-12-16 0:00:00,Confirmed,11647.98
970,946,179,2026-05-03 0:00:00,Cancelled,9346.46
971,1161,974,2026-05-08 0:00:00,Cancelled,12620.66
972,169,9,2026-05-27 0:00:00,Cancelled,10492
973,885,43,2026-08-30 0:00:00,Cancelled,26010.05
974,1178,943,2026-01-25 0:00:00,Confirmed,6220.56
975,924,227,2026-02-07 0:00:00,Cancelled,8484.34
976,405,1066,2026-12-12 0:00:00,Cancelled,28754.52
977,298,509,2026-01-19 0:00:00,Cancelled,18480.38
978,651,253,2026-04-26 0:00:00,Cancelled,23380.53
979,391,635,2026-03-15 0:00:00,Pending,8010.33
980,760,711,2026-05-24 0:00:00,Pending,3373.96
981,498,63,2026-02-13 0:00:00,Confirmed,15826.76
982,830,392,2026-04-05 0:00:00,Cancelled,25873.55
983,720,513,2026-11-07 0:00:00,Confirmed,28392.9
984,452,905,2026-01-11 0:00:00,Confirmed,24251.21
985,273,596,2026-01-29 0:00:00,Pending,14073.21
986,502,566,2026-08-18 0:00:00,Pending,10680.17
987,322,976,2026-09-22 0:00:00,Pending,13719.67
988,1145,816,2026-09-09 0:00:00,Pending,29749.56
989,308,773,2026-01-12 0:00:00,Confirmed,25834.27
990,760,376,2026-06-24 0:00:00,Cancelled,19257.36
991,1012,44,2026-04-05 0:00:00,Cancelled,14443.4
992,324,237,2026-04-25 0:00:00,Confirmed,12651.57
993,801,476,2026-09-16 0:00:00,Confirmed,26641.47
994,363,317,2026-08-05 0:00:00,Cancelled,22633.31
995,125,160,2026-03-08 0:00:00,Cancelled,5982.3
996,355,1016,2026-04-13 0:00:00,Pending,8761.2
997,294,500,2026-02-08 0:00:00,Cancelled,19131.74
998,459,103,2026-02-13 0:00:00,Pending,5851.35
999,1006,263,2026-03-27 0:00:00,Pending,12221.67
1000,997,733,2026-08-09 0:00:00,Cancelled,21087.4
1001,920,252,2026-09-18 0:00:00,Cancelled,22287.38
1002,6,547,2026-09-13 0:00:00,Pending,4077.15
1003,122,1012,2026-09-17 0:00:00,Pending,24853.58
1004,607,642,2026-08-30 0:00:00,Cancelled,14463.19
1005,528,220,2026-12-04 0:00:00,Pending,18684.19
1006,812,941,2026-10-16 0:00:00,Pending,14287.51
1007,201,624,2026-12-21 0:00:00,Pending,13227.13
1008,1101,1116,2026-10-20 0:00:00,Confirmed,27392.99
1009,31,635,2026-05-20 0:00:00,Cancelled,19632.87
1010,1115,1058,2026-02-14 0:00:00,Cancelled,22810.78
1011,235,943,2026-05-30 0:00:00,Confirmed,9058.24
1012,1145,1091,2026-06-29 0:00:00,Confirmed,24580.78
1013,1169,503,2026-02-13 0:00:00,Confirmed,25217.75
1014,976,68,2026-05-22 0:00:00,Confirmed,16641.28
1015,79,329,2026-12-11 0:00:00,Cancelled,15524.95
1016,990,244,2026-03-12 0:00:00,Pending,29897.08
1017,696,87,2026-05-11 0:00:00,Confirmed,14941.79
1018,910,211,2026-10-15 0:00:00,Confirmed,12466.1
1019,290,119,2026-01-16 0:00:00,Confirmed,5332.91
1020,564,700,2026-02-16 0:00:00,Pending,6596.27
1021,776,359,2026-01-20 0:00:00,Confirmed,19949.03
1022,328,1159,2026-11-05 0:00:00,Cancelled,11785.02
1023,909,581,2026-03-11 0:00:00,Confirmed,27649.96
1024,1105,699,2026-12-15 0:00:00,Confirmed,24539.25
1025,504,325,2026-07-13 0:00:00,Cancelled,8129.71
1026,989,499,2026-04-25 0:00:00,Confirmed,27791.89
1027,90,137,2026-03-08 0:00:00,Confirmed,21389.67
1028,423,933,2026-02-26 0:00:00,Cancelled,5348.26
1029,1164,898,2026-12-13 0:00:00,Confirmed,28584.09
1030,474,178,2026-05-13 0:00:00,Pending,29498.28
1031,761,1106,2026-03-10 0:00:00,Cancelled,27775.11
1032,170,360,2026-10-05 0:00:00,Confirmed,13095.03
1033,819,376,2026-05-17 0:00:00,Cancelled,10094.96
1034,226,619,2026-09-14 0:00:00,Pending,4402.64
1035,152,1,2026-04-19 0:00:00,Confirmed,15993.26
1036,991,733,2026-03-23 0:00:00,Pending,28139.18
1037,143,553,2026-02-10 0:00:00,Pending,27039.65
1038,995,78,2026-11-24 0:00:00,Cancelled,26182.89
1039,272,837,2026-01-01 0:00:00,Confirmed,6647.31
1040,805,956,2027-01-01 0:00:00,Cancelled,15000.05
1041,1195,884,2026-03-29 0:00:00,Cancelled,25868.44
1042,280,1119,2026-02-11 0:00:00,Cancelled,10014.24
1043,6,1018,2026-05-08 0:00:00,Confirmed,22199.99
1044,416,546,2026-09-25 0:00:00,Pending,8677.67
1045,1066,214,2026-10-19 0:00:00,Cancelled,8570.7
1046,958,1098,2026-06-11 0:00:00,Confirmed,5646.11
1047,714,660,2026-07-10 0:00:00,Pending,20106.67
1048,224,996,2026-05-01 0:00:00,Pending,6081.22
1049,81,1132,2026-07-05 0:00:00,Cancelled,10371.61
1050,448,629,2026-10-13 0:00:00,Pending,20417.52
1051,801,353,2026-09-26 0:00:00,Cancelled,26906.3
1052,1114,1197,2026-06-25 0:00:00,Pending,18666.82
1053,425,695,2026-09-27 0:00:00,Pending,18287.09
1054,375,454,2026-07-23 0:00:00,Confirmed,4184.9
1055,969,40,2026-10-08 0:00:00,Pending,17042.88
1056,715,766,2026-07-21 0:00:00,Confirmed,11861.54
1057,60,105,2026-03-28 0:00:00,Cancelled,25864.19
1058,398,1088,2026-11-07 0:00:00,Confirmed,12879.79
1059,925,422,2026-04-21 0:00:00,Cancelled,7153.34
1060,722,453,2026-11-20 0:00:00,Confirmed,29011.9
1061,1061,465,2026-08-02 0:00:00,Confirmed,29392.42
1062,1066,292,2026-11-03 0:00:00,Confirmed,19778.19
1063,728,78,2026-02-23 0:00:00,Confirmed,15069.92
1064,1042,204,2026-12-22 0:00:00,Cancelled,29856.74
1065,224,1115,2026-06-24 0:00:00,Confirmed,22510.1
1066,660,66,2026-11-23 0:00:00,Cancelled,14115.13
1067,384,979,2026-08-31 0:00:00,Confirmed,20868.37
1068,42,736,2026-05-26 0:00:00,Confirmed,8152.82
1069,1169,1024,2026-02-17 0:00:00,Confirmed,20002.83
1070,707,716,2026-08-21 0:00:00,Pending,28908.47
1071,1137,1100,2026-04-05 0:00:00,Cancelled,20786.35
1072,665,315,2026-05-26 0:00:00,Confirmed,17390.94
1073,568,793,2026-06-20 0:00:00,Pending,22236.15
1074,1168,1042,2026-04-26 0:00:00,Cancelled,23274.74
1075,1135,176,2026-06-14 0:00:00,Cancelled,11535.64
1076,78,1194,2026-10-02 0:00:00,Pending,16141.71
1077,50,242,2026-08-20 0:00:00,Cancelled,4069.02
1078,977,850,2026-03-26 0:00:00,Confirmed,16419.51
1079,860,514,2026-01-17 0:00:00,Pending,4044.28
1080,923,346,2026-09-26 0:00:00,Confirmed,24185.25
1081,65,1094,2026-10-01 0:00:00,Pending,9539.94
1082,763,56,2026-03-19 0:00:00,Pending,23346.22
1083,8,803,2026-05-31 0:00:00,Cancelled,27805.35
1084,272,1135,2026-04-05 0:00:00,Pending,4122.89
1085,199,853,2026-05-16 0:00:00,Confirmed,18197
1086,41,300,2026-06-21 0:00:00,Cancelled,12580
1087,1015,1008,2026-11-29 0:00:00,Confirmed,26366.62
1088,1199,747,2026-10-04 0:00:00,Cancelled,19106.52
1089,804,88,2026-02-02 0:00:00,Confirmed,24534.19
1090,293,788,2026-09-11 0:00:00,Pending,28582.39
1091,874,245,2026-09-03 0:00:00,Confirmed,21924.43
1092,543,1004,2026-11-17 0:00:00,Cancelled,22064.12
1093,1066,263,2026-01-14 0:00:00,Confirmed,16777.2
1094,44,613,2026-04-18 0:00:00,Pending,28606.62
1095,869,296,2026-02-24 0:00:00,Pending,14973.41
1096,881,886,2026-01-15 0:00:00,Pending,22846.5
1097,116,585,2026-11-05 0:00:00,Confirmed,16156.37
1098,49,588,2026-12-19 0:00:00,Pending,24909.19
1099,281,259,2026-01-16 0:00:00,Cancelled,3402.34
1100,772,435,2026-05-14 0:00:00,Pending,15115.87
1101,171,179,2026-12-20 0:00:00,Confirmed,23380.77
1102,534,795,2026-08-17 0:00:00,Confirmed,13262.7
1103,861,213,2026-02-03 0:00:00,Pending,22836.79
1104,96,1192,2026-06-30 0:00:00,Pending,6956.79
1105,945,1013,2026-08-27 0:00:00,Confirmed,18579.04
1106,81,1146,2026-12-19 0:00:00,Confirmed,15047.49
1107,1070,186,2026-03-24 0:00:00,Pending,6316.76
1108,826,918,2026-07-19 0:00:00,Cancelled,29027.43
1109,465,130,2026-04-22 0:00:00,Pending,5681.67
1110,290,197,2026-07-27 0:00:00,Confirmed,24931.91
1111,756,779,2026-04-13 0:00:00,Cancelled,17488.91
1112,429,312,2026-11-17 0:00:00,Cancelled,23291.57
1113,1066,933,2026-01-17 0:00:00,Cancelled,18676.99
1114,567,532,2026-02-14 0:00:00,Confirmed,5733.76
1115,78,813,2026-11-01 0:00:00,Pending,13101.52
1116,126,143,2026-06-30 0:00:00,Cancelled,2505.32
1117,604,378,2026-08-21 0:00:00,Confirmed,22361.8
1118,758,75,2026-02-17 0:00:00,Confirmed,5935.15
1119,947,170,2026-07-13 0:00:00,Confirmed,28247.96
1120,378,661,2026-02-09 0:00:00,Pending,18885.23
1121,154,686,2026-04-15 0:00:00,Cancelled,24309.31
1122,685,106,2026-03-31 0:00:00,Confirmed,21728.16
1123,78,508,2026-05-15 0:00:00,Pending,12245.28
1124,449,953,2026-12-04 0:00:00,Pending,27437.18
1125,600,479,2026-03-07 0:00:00,Pending,12406.51
1126,35,924,2026-04-23 0:00:00,Pending,8075.29
1127,648,1090,2026-06-04 0:00:00,Pending,19955.16
1128,1053,358,2026-05-07 0:00:00,Pending,7902.74
1129,746,1098,2026-08-16 0:00:00,Cancelled,29665.95
1130,927,192,2026-11-02 0:00:00,Confirmed,14693.42
1131,27,724,2026-06-06 0:00:00,Pending,7688.47
1132,218,410,2026-01-11 0:00:00,Cancelled,19528.9
1133,526,476,2026-04-30 0:00:00,Cancelled,11474.78
1134,790,1059,2026-06-27 0:00:00,Cancelled,17888.97
1135,647,870,2026-10-03 0:00:00,Cancelled,5401.25
1136,735,325,2026-11-14 0:00:00,Confirmed,12453.95
1137,346,30,2026-06-23 0:00:00,Cancelled,16960.79
1138,788,872,2026-08-03 0:00:00,Pending,5410.19
1139,1087,752,2026-02-03 0:00:00,Confirmed,7893.79
1140,672,739,2026-12-27 0:00:00,Cancelled,7026.56
1141,66,833,2026-09-21 0:00:00,Confirmed,8451.83
1142,593,584,2026-12-27 0:00:00,Pending,8954.76
1143,236,162,2026-03-19 0:00:00,Cancelled,4122.13
1144,485,934,2026-04-27 0:00:00,Cancelled,3363.88
1145,349,279,2026-09-28 0:00:00,Confirmed,15474.52
1146,831,174,2026-07-09 0:00:00,Confirmed,27026.25
1147,233,1082,2026-05-17 0:00:00,Pending,8104.9
1148,85,257,2026-06-26 0:00:00,Cancelled,21519.98
1149,301,416,2026-03-05 0:00:00,Pending,14182.57
1150,705,664,2026-11-15 0:00:00,Confirmed,27317.57
1151,295,745,2026-08-20 0:00:00,Confirmed,5472.33
1152,991,52,2026-04-23 0:00:00,Confirmed,28094.61
1153,61,959,2026-09-19 0:00:00,Pending,24215.69
1154,519,210,2026-01-12 0:00:00,Cancelled,25118.02
1155,1112,34,2026-10-01 0:00:00,Cancelled,29692.57
1156,1073,1103,2026-02-18 0:00:00,Confirmed,17705.62
1157,1151,757,2026-09-17 0:00:00,Cancelled,3273.02
1158,498,990,2026-10-27 0:00:00,Pending,28724.7
1159,1045,1016,2026-02-18 0:00:00,Confirmed,27729.6
1160,200,64,2026-07-21 0:00:00,Pending,17662.35
1161,1045,638,2026-03-02 0:00:00,Pending,22167.26
1162,598,1187,2026-11-10 0:00:00,Cancelled,12357.18
1163,866,357,2026-06-02 0:00:00,Confirmed,22051.61
1164,140,27,2026-12-30 0:00:00,Pending,10230.49
1165,267,550,2026-09-07 0:00:00,Pending,12763.77
1166,133,9,2026-10-24 0:00:00,Cancelled,2662.71
1167,45,136,2026-01-04 0:00:00,Pending,6812.45
1168,161,1060,2026-10-02 0:00:00,Cancelled,8045.16
1169,261,838,2026-03-25 0:00:00,Confirmed,3777.08
1170,138,1050,2026-04-07 0:00:00,Confirmed,21001.92
1171,318,546,2026-11-18 0:00:00,Cancelled,23702.13
1172,353,113,2026-02-24 0:00:00,Confirmed,18787.35
1173,1185,788,2026-11-17 0:00:00,Cancelled,18503.77
1174,451,679,2026-04-06 0:00:00,Confirmed,27448.05
1175,1199,912,2026-04-24 0:00:00,Pending,11356.57
1176,974,639,2026-11-13 0:00:00,Pending,21294.77
1177,819,1190,2026-01-05 0:00:00,Pending,5170.03
1178,956,1136,2026-05-30 0:00:00,Pending,18236.58
1179,687,142,2026-05-22 0:00:00,Confirmed,3915.63
1180,511,628,2026-11-02 0:00:00,Confirmed,20280.56
1181,419,269,2026-12-02 0:00:00,Cancelled,23227.57
1182,634,326,2026-04-07 0:00:00,Cancelled,4480.7
1183,755,190,2026-11-13 0:00:00,Pending,6403.41
1184,381,413,2026-08-23 0:00:00,Confirmed,3858.67
1185,281,104,2026-11-08 0:00:00,Pending,4200.37
1186,888,1050,2026-03-01 0:00:00,Pending,22490.23
1187,968,135,2026-02-21 0:00:00,Pending,3630.73
1188,228,112,2026-12-08 0:00:00,Confirmed,29790.67
1189,153,910,2026-09-03 0:00:00,Pending,13296.43
1190,1182,1061,2026-04-19 0:00:00,Confirmed,7587.21
1191,318,972,2026-06-10 0:00:00,Cancelled,2855.49
1192,474,316,2026-01-12 0:00:00,Pending,4212.21
1193,777,744,2026-01-18 0:00:00,Cancelled,4173.62
1194,337,1009,2026-04-06 0:00:00,Confirmed,19684.35
1195,451,1050,2026-06-29 0:00:00,Pending,25432.37
1196,120,376,2026-08-05 0:00:00,Pending,28656.14
1197,854,826,2026-10-08 0:00:00,Confirmed,3469.94
1198,560,903,2026-07-17 0:00:00,Cancelled,5436.72
1199,172,956,2026-06-25 0:00:00,Cancelled,17946.89
1200,1106,290,2026-09-25 0:00:00,Confirmed,16856.97
