Flight_ID,Airline_ID,Flight_Number,Source_Airport_ID,Destination_Airport_ID,Departure_Time,Arrival_Time,Total_Seats
1,561,AI3313,184,56,2026-01-29 14:00:00,2026-01-29 18:00:00,220
2,44,AI4378,564,415,2026-06-21 16:00:00,2026-06-21 20:00:00,300
3,710,AI7824,875,413,2026-04-04 6:00:00,2026-04-04 11:00:00,300
4,69,AI6904,252,307,2026-09-14 8:00:00,2026-09-14 13:00:00,250
5,172,AI9288,881,364,2026-03-22 9:00:00,2026-03-22 12:00:00,300
6,458,AI349,109,57,2026-02-27 8:00:00,2026-02-27 9:00:00,250
7,628,AI6419,350,623,2026-03-21 4:00:00,2026-03-21 6:00:00,250
8,721,AI4453,629,180,2026-06-10 3:00:00,2026-06-10 8:00:00,300
9,711,AI9606,385,817,2026-11-17 18:00:00,2026-11-17 21:00:00,250
10,503,AI2554,945,384,2026-07-03 1:00:00,2026-07-03 5:00:00,180
11,912,AI8082,268,298,2026-04-27 20:00:00,2026-04-27 23:00:00,220
12,148,AI6395,793,23,2026-09-20 19:00:00,2026-09-20 22:00:00,300
13,559,AI5747,60,979,2026-10-10 10:00:00,2026-10-10 11:00:00,220
14,994,AI6303,219,992,2026-02-16 3:00:00,2026-02-16 4:00:00,300
15,135,AI3170,728,464,2026-01-02 7:00:00,2026-01-02 11:00:00,250
16,436,AI7988,45,437,2026-08-22 8:00:00,2026-08-22 12:00:00,250
17,317,AI2948,171,446,2026-05-16 23:00:00,2026-05-17 2:00:00,220
18,196,AI2160,576,362,2026-11-18 12:00:00,2026-11-18 17:00:00,250
19,76,AI3074,15,190,2026-11-07 3:00:00,2026-11-07 6:00:00,250
20,199,AI4674,700,733,2026-11-25 1:00:00,2026-11-25 6:00:00,250
21,952,AI5241,301,180,2026-10-23 13:00:00,2026-10-23 16:00:00,300
22,676,AI587,488,509,2026-09-11 5:00:00,2026-09-11 10:00:00,300
23,720,AI8462,67,896,2026-09-07 4:00:00,2026-09-07 7:00:00,180
24,659,AI1034,413,94,2026-05-19 9:00:00,2026-05-19 10:00:00,220
25,434,AI8329,33,334,2026-11-16 1:00:00,2026-11-16 2:00:00,300
26,187,AI6764,606,549,2026-09-26 2:00:00,2026-09-26 5:00:00,220
27,724,AI7415,612,205,2026-09-16 4:00:00,2026-09-16 7:00:00,180
28,288,AI9198,479,12,2026-05-01 3:00:00,2026-05-01 4:00:00,250
29,109,AI4475,535,991,2026-01-26 5:00:00,2026-01-26 8:00:00,220
30,396,AI3088,7,439,2026-07-16 16:00:00,2026-07-16 19:00:00,180
31,871,AI8663,601,308,2026-01-04 15:00:00,2026-01-04 20:00:00,180
32,165,AI546,28,113,2026-06-10 15:00:00,2026-06-10 20:00:00,180
33,41,AI8958,888,914,2026-10-27 21:00:00,2026-10-28 1:00:00,180
34,929,AI9361,730,895,2026-02-19 17:00:00,2026-02-19 21:00:00,250
35,734,AI8675,135,642,2026-10-15 20:00:00,2026-10-15 21:00:00,300
36,458,AI6325,541,726,2026-11-21 13:00:00,2026-11-21 15:00:00,180
37,851,AI1026,104,87,2026-09-09 0:00:00,2026-09-09 2:00:00,300
38,809,AI5731,522,198,2026-09-18 16:00:00,2026-09-18 19:00:00,180
39,216,AI5170,97,533,2026-05-14 0:00:00,2026-05-14 2:00:00,250
40,827,AI6162,180,81,2026-06-10 2:00:00,2026-06-10 7:00:00,220
41,257,AI914,189,626,2026-11-06 23:00:00,2026-11-07 2:00:00,250
42,634,AI785,476,997,2026-01-21 6:00:00,2026-01-21 8:00:00,180
43,94,AI2211,673,745,2026-09-01 8:00:00,2026-09-01 11:00:00,220
44,336,AI8137,671,326,2026-01-03 18:00:00,2026-01-03 22:00:00,250
45,422,AI6765,615,273,2026-05-26 16:00:00,2026-05-26 21:00:00,220
46,294,AI6568,283,364,2026-03-12 8:00:00,2026-03-12 9:00:00,300
47,991,AI9905,24,685,2026-02-26 18:00:00,2026-02-26 22:00:00,180
48,591,AI426,8,394,2026-05-28 2:00:00,2026-05-28 7:00:00,250
49,841,AI1706,143,989,2026-01-14 9:00:00,2026-01-14 10:00:00,220
50,858,AI5218,598,863,2026-02-04 22:00:00,2026-02-05 3:00:00,250
51,108,AI9552,377,103,2026-09-21 4:00:00,2026-09-21 5:00:00,250
52,88,AI5255,982,66,2026-08-17 6:00:00,2026-08-17 8:00:00,180
53,947,AI8174,854,335,2026-08-13 4:00:00,2026-08-13 6:00:00,250
54,321,AI9875,451,970,2026-10-27 7:00:00,2026-10-27 11:00:00,300
55,520,AI547,739,476,2026-10-01 14:00:00,2026-10-01 18:00:00,220
56,179,AI3385,78,35,2026-04-30 5:00:00,2026-04-30 6:00:00,300
57,94,AI7740,849,948,2026-10-06 16:00:00,2026-10-06 19:00:00,300
58,955,AI3960,925,139,2026-10-10 20:00:00,2026-10-11 0:00:00,300
59,67,AI8578,419,518,2026-01-12 6:00:00,2026-01-12 9:00:00,300
60,814,AI7909,36,426,2026-11-14 12:00:00,2026-11-14 14:00:00,250
61,99,AI7071,725,146,2026-03-12 13:00:00,2026-03-12 18:00:00,250
62,110,AI1233,898,715,2026-03-23 0:00:00,2026-03-23 3:00:00,180
63,502,AI8338,98,865,2026-11-02 3:00:00,2026-11-02 4:00:00,220
64,25,AI2141,562,840,2026-04-23 11:00:00,2026-04-23 16:00:00,180
65,28,AI8463,502,22,2026-07-14 22:00:00,2026-07-15 3:00:00,220
66,190,AI1776,3,766,2026-10-27 6:00:00,2026-10-27 8:00:00,180
67,508,AI4682,91,275,2026-01-19 15:00:00,2026-01-19 16:00:00,220
68,296,AI4388,51,814,2026-05-24 15:00:00,2026-05-24 16:00:00,250
69,748,AI1764,437,463,2026-02-19 17:00:00,2026-02-19 21:00:00,250
70,521,AI4130,492,55,2026-03-04 19:00:00,2026-03-05 0:00:00,300
71,418,AI9633,641,480,2026-03-09 5:00:00,2026-03-09 7:00:00,250
72,780,AI5387,322,600,2026-02-03 7:00:00,2026-02-03 12:00:00,180
73,792,AI1156,881,374,2026-03-02 18:00:00,2026-03-02 19:00:00,220
74,368,AI4848,821,997,2026-05-04 8:00:00,2026-05-04 9:00:00,300
75,610,AI6687,594,946,2026-03-13 6:00:00,2026-03-13 8:00:00,250
76,632,AI2288,97,373,2026-07-31 5:00:00,2026-07-31 10:00:00,250
77,547,AI5637,178,167,2026-11-18 20:00:00,2026-11-18 23:00:00,220
78,522,AI3662,280,391,2026-01-22 22:00:00,2026-01-22 23:00:00,180
79,648,AI7205,851,499,2026-04-05 22:00:00,2026-04-05 23:00:00,250
80,374,AI6782,611,795,2026-03-22 19:00:00,2026-03-22 23:00:00,220
81,437,AI1522,721,8,2026-01-02 11:00:00,2026-01-02 15:00:00,220
82,328,AI5530,147,809,2026-01-20 16:00:00,2026-01-20 17:00:00,300
83,570,AI4603,363,574,2026-11-02 13:00:00,2026-11-02 16:00:00,300
84,766,AI9444,179,10,2026-02-14 6:00:00,2026-02-14 10:00:00,250
85,313,AI243,497,922,2026-11-29 20:00:00,2026-11-30 0:00:00,300
86,690,AI961,952,301,2026-04-19 16:00:00,2026-04-19 17:00:00,220
87,123,AI5006,274,323,2026-02-16 20:00:00,2026-02-17 0:00:00,300
88,877,AI1308,850,629,2026-02-24 18:00:00,2026-02-24 23:00:00,220
89,384,AI9882,9,202,2026-06-01 6:00:00,2026-06-01 10:00:00,220
90,536,AI414,627,883,2026-03-04 15:00:00,2026-03-04 19:00:00,250
91,852,AI2730,445,286,2026-09-01 2:00:00,2026-09-01 5:00:00,220
92,187,AI9855,630,642,2026-08-03 9:00:00,2026-08-03 10:00:00,250
93,892,AI933,547,428,2026-04-02 3:00:00,2026-04-02 8:00:00,300
94,239,AI4961,448,478,2026-10-22 0:00:00,2026-10-22 1:00:00,300
95,761,AI9856,834,729,2026-01-15 16:00:00,2026-01-15 20:00:00,300
96,547,AI6435,517,862,2026-08-28 5:00:00,2026-08-28 7:00:00,250
97,368,AI8384,768,325,2026-03-06 13:00:00,2026-03-06 18:00:00,250
98,484,AI1522,801,608,2026-06-09 6:00:00,2026-06-09 8:00:00,250
99,736,AI1010,466,887,2026-06-04 15:00:00,2026-06-04 17:00:00,300
100,407,AI4816,129,744,2026-08-28 7:00:00,2026-08-28 8:00:00,180
101,299,AI1032,428,406,2026-11-05 13:00:00,2026-11-05 16:00:00,250
102,375,AI6573,878,438,2026-06-21 3:00:00,2026-06-21 8:00:00,250
103,753,AI9412,451,997,2026-03-28 23:00:00,2026-03-29 3:00:00,180
104,58,AI6490,304,245,2026-03-12 19:00:00,2026-03-12 21:00:00,180
105,985,AI6456,490,728,2026-01-29 5:00:00,2026-01-29 8:00:00,180
106,186,AI1094,332,955,2026-04-08 6:00:00,2026-04-08 9:00:00,250
107,694,AI3699,976,946,2026-06-12 0:00:00,2026-06-12 3:00:00,300
108,201,AI5270,915,789,2026-07-27 0:00:00,2026-07-27 4:00:00,300
109,539,AI363,15,739,2026-11-30 8:00:00,2026-11-30 12:00:00,250
110,57,AI4584,737,334,2026-05-06 7:00:00,2026-05-06 9:00:00,250
111,419,AI3251,478,72,2026-03-25 13:00:00,2026-03-25 14:00:00,220
112,512,AI3109,128,255,2026-07-10 7:00:00,2026-07-10 8:00:00,220
113,143,AI6504,110,329,2026-08-06 23:00:00,2026-08-07 2:00:00,300
114,219,AI6138,64,858,2026-02-07 4:00:00,2026-02-07 5:00:00,250
115,111,AI2051,3,662,2026-03-16 0:00:00,2026-03-16 1:00:00,220
116,895,AI5323,803,139,2026-07-03 21:00:00,2026-07-04 2:00:00,300
117,901,AI521,731,884,2026-04-08 22:00:00,2026-04-09 2:00:00,300
118,752,AI7576,74,389,2026-10-05 10:00:00,2026-10-05 14:00:00,180
119,833,AI4206,520,444,2026-07-14 7:00:00,2026-07-14 11:00:00,250
120,753,AI2230,829,148,2026-09-07 8:00:00,2026-09-07 9:00:00,180
121,793,AI1840,531,633,2026-04-29 3:00:00,2026-04-29 7:00:00,250
122,284,AI7898,391,73,2026-05-06 16:00:00,2026-05-06 19:00:00,180
123,876,AI4675,13,929,2026-06-05 17:00:00,2026-06-05 21:00:00,180
124,396,AI766,463,655,2026-06-19 23:00:00,2026-06-20 2:00:00,300
125,514,AI2155,103,221,2026-03-15 7:00:00,2026-03-15 9:00:00,220
126,145,AI3775,98,478,2026-08-10 13:00:00,2026-08-10 15:00:00,180
127,659,AI8938,161,169,2026-03-04 11:00:00,2026-03-04 14:00:00,300
128,684,AI4803,996,34,2026-04-26 12:00:00,2026-04-26 16:00:00,250
129,392,AI4937,744,720,2026-08-25 15:00:00,2026-08-25 18:00:00,220
130,517,AI4293,15,516,2026-06-21 4:00:00,2026-06-21 8:00:00,250
131,39,AI9117,52,766,2026-07-13 11:00:00,2026-07-13 13:00:00,180
132,331,AI8827,385,560,2026-10-08 15:00:00,2026-10-08 20:00:00,250
133,621,AI211,485,212,2026-08-31 16:00:00,2026-08-31 20:00:00,300
134,651,AI2918,564,128,2026-05-10 8:00:00,2026-05-10 10:00:00,180
135,865,AI9429,171,707,2026-09-22 20:00:00,2026-09-22 22:00:00,220
136,359,AI4887,21,171,2026-11-07 2:00:00,2026-11-07 4:00:00,180
137,470,AI6323,928,784,2026-07-25 14:00:00,2026-07-25 18:00:00,180
138,533,AI7051,706,508,2026-08-17 6:00:00,2026-08-17 11:00:00,250
139,592,AI2779,651,733,2026-11-07 3:00:00,2026-11-07 6:00:00,250
140,217,AI128,341,774,2026-07-23 22:00:00,2026-07-24 1:00:00,250
141,565,AI1231,477,146,2026-08-22 18:00:00,2026-08-22 21:00:00,180
142,256,AI5152,759,927,2026-03-15 19:00:00,2026-03-15 21:00:00,250
143,816,AI2057,420,397,2026-01-28 14:00:00,2026-01-28 17:00:00,300
144,207,AI7547,106,86,2026-08-06 3:00:00,2026-08-06 5:00:00,180
145,601,AI1386,193,6,2026-04-28 8:00:00,2026-04-28 9:00:00,220
146,33,AI651,112,453,2026-06-28 17:00:00,2026-06-28 18:00:00,300
147,5,AI5382,546,42,2026-11-18 2:00:00,2026-11-18 5:00:00,300
148,167,AI9495,557,112,2026-01-26 10:00:00,2026-01-26 15:00:00,220
149,957,AI2705,567,271,2026-09-26 5:00:00,2026-09-26 10:00:00,180
150,201,AI9905,356,113,2026-08-02 19:00:00,2026-08-02 23:00:00,300
151,271,AI1134,804,434,2026-10-03 21:00:00,2026-10-04 2:00:00,250
152,272,AI367,867,521,2026-05-21 3:00:00,2026-05-21 6:00:00,300
153,441,AI1154,437,141,2026-10-01 6:00:00,2026-10-01 7:00:00,250
154,122,AI3041,237,841,2026-03-02 19:00:00,2026-03-02 21:00:00,180
155,549,AI1389,495,846,2026-08-10 18:00:00,2026-08-10 22:00:00,220
156,900,AI8250,14,752,2026-10-25 15:00:00,2026-10-25 16:00:00,250
157,847,AI3774,587,667,2026-06-23 6:00:00,2026-06-23 9:00:00,180
158,416,AI8046,270,374,2026-06-20 21:00:00,2026-06-21 2:00:00,180
159,337,AI2783,223,546,2026-08-05 4:00:00,2026-08-05 5:00:00,300
160,387,AI8727,977,542,2026-11-26 13:00:00,2026-11-26 15:00:00,220
161,115,AI8372,829,922,2026-02-27 5:00:00,2026-02-27 9:00:00,220
162,327,AI1282,5,868,2026-01-18 1:00:00,2026-01-18 6:00:00,220
163,28,AI4437,530,230,2026-10-05 2:00:00,2026-10-05 4:00:00,220
164,951,AI6260,20,7,2026-02-10 0:00:00,2026-02-10 1:00:00,180
165,806,AI9246,320,890,2026-09-28 7:00:00,2026-09-28 8:00:00,300
166,528,AI665,525,748,2026-06-21 17:00:00,2026-06-21 20:00:00,300
167,111,AI7311,583,619,2026-06-18 15:00:00,2026-06-18 18:00:00,180
168,59,AI7111,999,805,2026-04-16 23:00:00,2026-04-17 0:00:00,250
169,260,AI4265,938,626,2026-01-28 16:00:00,2026-01-28 19:00:00,220
170,141,AI1083,811,408,2026-06-21 21:00:00,2026-06-22 2:00:00,250
171,213,AI9913,890,144,2026-08-05 9:00:00,2026-08-05 14:00:00,180
172,428,AI4210,132,168,2026-08-13 3:00:00,2026-08-13 8:00:00,180
173,814,AI2864,542,263,2026-10-05 19:00:00,2026-10-05 20:00:00,300
174,597,AI8562,965,597,2026-11-19 2:00:00,2026-11-19 4:00:00,300
175,96,AI5285,841,943,2026-01-17 18:00:00,2026-01-17 23:00:00,250
176,905,AI5249,899,661,2026-05-02 14:00:00,2026-05-02 16:00:00,300
177,670,AI4808,468,611,2026-09-05 9:00:00,2026-09-05 13:00:00,220
178,378,AI1400,290,126,2026-07-22 10:00:00,2026-07-22 13:00:00,180
179,505,AI2593,612,417,2026-10-21 17:00:00,2026-10-21 22:00:00,300
180,343,AI9172,750,860,2026-06-29 2:00:00,2026-06-29 4:00:00,250
181,874,AI5520,727,160,2026-03-09 10:00:00,2026-03-09 11:00:00,220
182,161,AI9509,75,372,2026-02-11 21:00:00,2026-02-11 23:00:00,300
183,139,AI1094,125,891,2026-10-27 15:00:00,2026-10-27 16:00:00,250
184,109,AI2204,839,253,2026-09-12 12:00:00,2026-09-12 16:00:00,300
185,824,AI8200,58,92,2026-09-27 3:00:00,2026-09-27 8:00:00,220
186,319,AI1074,157,510,2026-03-27 14:00:00,2026-03-27 15:00:00,300
187,977,AI6018,311,190,2026-11-29 9:00:00,2026-11-29 12:00:00,250
188,332,AI4981,88,327,2026-10-12 22:00:00,2026-10-13 1:00:00,220
189,779,AI1171,685,414,2026-07-28 22:00:00,2026-07-29 0:00:00,300
190,38,AI644,417,965,2026-10-30 12:00:00,2026-10-30 17:00:00,180
191,339,AI764,898,220,2026-05-24 15:00:00,2026-05-24 17:00:00,300
192,762,AI765,256,980,2026-10-05 13:00:00,2026-10-05 15:00:00,220
193,195,AI8363,314,919,2026-05-27 2:00:00,2026-05-27 5:00:00,250
194,604,AI6671,438,947,2026-09-14 7:00:00,2026-09-14 8:00:00,250
195,958,AI9166,684,790,2026-01-06 3:00:00,2026-01-06 8:00:00,180
196,916,AI4837,670,461,2026-06-04 21:00:00,2026-06-05 2:00:00,250
197,212,AI4555,584,679,2026-10-14 2:00:00,2026-10-14 4:00:00,180
198,184,AI4866,303,783,2026-08-31 8:00:00,2026-08-31 10:00:00,220
199,288,AI2923,16,989,2026-04-27 16:00:00,2026-04-27 19:00:00,300
200,927,AI8378,811,43,2026-11-19 22:00:00,2026-11-20 1:00:00,180
201,781,AI3544,610,34,2026-08-28 9:00:00,2026-08-28 14:00:00,300
202,719,AI1047,317,608,2026-09-08 10:00:00,2026-09-08 14:00:00,180
203,602,AI4923,486,512,2026-02-09 17:00:00,2026-02-09 22:00:00,300
204,899,AI7408,62,881,2026-06-16 1:00:00,2026-06-16 3:00:00,250
205,997,AI5463,396,904,2026-01-02 6:00:00,2026-01-02 9:00:00,250
206,63,AI6415,239,765,2026-03-17 6:00:00,2026-03-17 11:00:00,180
207,803,AI608,558,314,2026-08-06 23:00:00,2026-08-07 3:00:00,220
208,43,AI4153,843,794,2026-10-11 23:00:00,2026-10-12 3:00:00,180
209,173,AI5800,429,465,2026-11-01 14:00:00,2026-11-01 17:00:00,220
210,387,AI1608,431,590,2026-05-26 15:00:00,2026-05-26 16:00:00,220
211,407,AI2917,521,979,2026-02-01 4:00:00,2026-02-01 9:00:00,300
212,166,AI3837,3,721,2026-09-24 11:00:00,2026-09-24 13:00:00,250
213,39,AI2045,964,394,2026-11-13 4:00:00,2026-11-13 6:00:00,220
214,699,AI3653,347,721,2026-11-29 0:00:00,2026-11-29 2:00:00,300
215,646,AI4376,164,209,2026-06-06 7:00:00,2026-06-06 11:00:00,250
216,289,AI2338,919,425,2026-07-06 7:00:00,2026-07-06 8:00:00,250
217,662,AI5021,439,267,2026-09-09 8:00:00,2026-09-09 13:00:00,220
218,954,AI1385,229,385,2026-11-07 1:00:00,2026-11-07 4:00:00,300
219,461,AI1917,499,894,2026-04-18 12:00:00,2026-04-18 13:00:00,250
220,242,AI5897,289,732,2026-04-15 17:00:00,2026-04-15 18:00:00,180
221,792,AI8757,951,637,2026-07-04 0:00:00,2026-07-04 2:00:00,250
222,845,AI541,243,709,2026-02-27 14:00:00,2026-02-27 15:00:00,300
223,723,AI3516,958,641,2026-03-27 3:00:00,2026-03-27 4:00:00,220
224,786,AI1909,618,539,2026-11-08 13:00:00,2026-11-08 18:00:00,180
225,982,AI1694,412,651,2026-05-03 5:00:00,2026-05-03 7:00:00,220
226,27,AI9927,320,343,2026-09-06 22:00:00,2026-09-07 3:00:00,180
227,508,AI7404,778,181,2026-05-14 4:00:00,2026-05-14 9:00:00,180
228,601,AI8075,527,689,2026-05-01 7:00:00,2026-05-01 9:00:00,300
229,140,AI6463,64,202,2026-08-22 9:00:00,2026-08-22 13:00:00,220
230,883,AI5786,99,963,2026-07-07 17:00:00,2026-07-07 22:00:00,300
231,547,AI7852,480,13,2026-11-19 22:00:00,2026-11-20 0:00:00,220
232,948,AI7624,579,588,2026-11-09 15:00:00,2026-11-09 18:00:00,250
233,846,AI1133,463,626,2026-11-29 13:00:00,2026-11-29 18:00:00,300
234,158,AI6236,814,754,2026-01-23 12:00:00,2026-01-23 15:00:00,250
235,948,AI1673,329,300,2026-07-05 6:00:00,2026-07-05 10:00:00,220
236,546,AI4731,654,629,2026-04-05 6:00:00,2026-04-05 10:00:00,250
237,597,AI9709,932,979,2026-08-19 2:00:00,2026-08-19 5:00:00,220
238,117,AI5995,528,84,2026-08-08 1:00:00,2026-08-08 5:00:00,300
239,986,AI9959,362,199,2026-08-07 16:00:00,2026-08-07 18:00:00,250
240,985,AI9762,870,191,2026-03-19 6:00:00,2026-03-19 10:00:00,250
241,841,AI6261,618,396,2026-04-08 10:00:00,2026-04-08 14:00:00,180
242,276,AI4937,681,892,2026-11-18 6:00:00,2026-11-18 7:00:00,220
243,649,AI3060,243,418,2026-04-11 10:00:00,2026-04-11 15:00:00,220
244,328,AI417,66,287,2026-08-03 23:00:00,2026-08-04 3:00:00,250
245,453,AI3507,318,751,2026-04-26 5:00:00,2026-04-26 7:00:00,300
246,615,AI8068,577,244,2026-11-24 23:00:00,2026-11-25 0:00:00,300
247,917,AI4922,736,344,2026-06-21 2:00:00,2026-06-21 3:00:00,250
248,364,AI3187,35,394,2026-10-10 10:00:00,2026-10-10 13:00:00,220
249,316,AI7776,234,648,2026-09-28 23:00:00,2026-09-29 0:00:00,220
250,528,AI2657,51,114,2026-09-19 2:00:00,2026-09-19 5:00:00,180
251,365,AI1796,539,813,2026-10-25 15:00:00,2026-10-25 20:00:00,180
252,711,AI2805,54,568,2026-04-15 23:00:00,2026-04-16 0:00:00,180
253,986,AI3234,98,709,2026-10-29 12:00:00,2026-10-29 16:00:00,250
254,143,AI3565,543,320,2026-03-01 2:00:00,2026-03-01 4:00:00,180
255,497,AI2428,496,733,2026-08-15 11:00:00,2026-08-15 13:00:00,300
256,814,AI656,908,481,2026-10-21 12:00:00,2026-10-21 14:00:00,250
257,241,AI1146,720,291,2026-10-25 19:00:00,2026-10-25 22:00:00,300
258,273,AI7547,211,91,2026-07-13 21:00:00,2026-07-13 22:00:00,250
259,339,AI7146,752,758,2026-07-10 21:00:00,2026-07-10 22:00:00,180
260,952,AI4744,74,214,2026-04-29 4:00:00,2026-04-29 5:00:00,250
261,525,AI281,816,703,2026-09-23 21:00:00,2026-09-24 1:00:00,250
262,916,AI5081,280,911,2026-03-16 0:00:00,2026-03-16 2:00:00,180
263,624,AI4801,476,767,2026-03-23 5:00:00,2026-03-23 6:00:00,250
264,668,AI9705,756,596,2026-07-26 4:00:00,2026-07-26 9:00:00,250
265,692,AI3819,226,319,2026-09-21 18:00:00,2026-09-21 21:00:00,300
266,557,AI6159,905,883,2026-03-16 21:00:00,2026-03-17 2:00:00,180
267,607,AI8385,778,729,2026-07-13 12:00:00,2026-07-13 17:00:00,180
268,641,AI9492,561,914,2026-01-27 12:00:00,2026-01-27 15:00:00,250
269,169,AI6104,368,857,2026-07-31 9:00:00,2026-07-31 14:00:00,220
270,587,AI8811,883,343,2026-04-17 1:00:00,2026-04-17 2:00:00,220
271,974,AI2357,940,698,2026-08-18 23:00:00,2026-08-19 1:00:00,220
272,989,AI5043,848,756,2026-06-27 0:00:00,2026-06-27 3:00:00,220
273,333,AI7462,69,654,2026-04-14 14:00:00,2026-04-14 16:00:00,220
274,553,AI8486,687,591,2026-06-22 23:00:00,2026-06-23 4:00:00,220
275,951,AI1391,737,931,2026-02-03 3:00:00,2026-02-03 7:00:00,220
276,729,AI9084,705,122,2026-08-12 14:00:00,2026-08-12 19:00:00,220
277,83,AI3501,375,30,2026-04-26 4:00:00,2026-04-26 8:00:00,220
278,576,AI9722,933,497,2026-01-31 13:00:00,2026-01-31 16:00:00,180
279,149,AI8676,339,71,2026-10-26 3:00:00,2026-10-26 4:00:00,250
280,462,AI8495,25,742,2026-09-27 8:00:00,2026-09-27 12:00:00,300
281,393,AI3448,111,82,2026-07-15 22:00:00,2026-07-16 0:00:00,220
282,226,AI6358,319,333,2026-10-15 0:00:00,2026-10-15 5:00:00,180
283,325,AI5132,928,21,2026-04-16 15:00:00,2026-04-16 19:00:00,300
284,986,AI4093,434,735,2026-05-18 6:00:00,2026-05-18 10:00:00,180
285,783,AI2440,548,161,2026-07-25 19:00:00,2026-07-25 21:00:00,250
286,803,AI4832,911,485,2026-09-14 0:00:00,2026-09-14 2:00:00,180
287,665,AI7947,955,624,2026-04-04 21:00:00,2026-04-05 0:00:00,180
288,398,AI5638,640,524,2026-04-29 16:00:00,2026-04-29 17:00:00,250
289,903,AI9698,875,122,2026-04-29 19:00:00,2026-04-29 21:00:00,180
290,65,AI8976,60,629,2026-05-31 20:00:00,2026-05-31 23:00:00,300
291,471,AI4258,266,415,2026-08-06 10:00:00,2026-08-06 15:00:00,250
292,947,AI2665,399,997,2026-02-01 13:00:00,2026-02-01 18:00:00,300
293,670,AI4321,165,227,2026-02-19 11:00:00,2026-02-19 13:00:00,180
294,508,AI5488,560,654,2026-11-02 3:00:00,2026-11-02 4:00:00,250
295,250,AI5850,60,975,2026-03-12 16:00:00,2026-03-12 20:00:00,300
296,101,AI4166,508,247,2026-06-18 11:00:00,2026-06-18 16:00:00,300
297,31,AI4757,453,194,2026-01-12 1:00:00,2026-01-12 3:00:00,250
298,259,AI913,295,276,2026-02-07 9:00:00,2026-02-07 14:00:00,250
299,617,AI5977,522,505,2026-10-29 10:00:00,2026-10-29 12:00:00,180
300,942,AI8417,624,442,2026-04-08 23:00:00,2026-04-09 0:00:00,220
301,898,AI3850,680,936,2026-02-13 9:00:00,2026-02-13 13:00:00,220
302,505,AI2457,372,224,2026-10-19 8:00:00,2026-10-19 9:00:00,220
303,379,AI4565,788,892,2026-10-03 10:00:00,2026-10-03 15:00:00,180
304,785,AI4408,719,497,2026-09-14 0:00:00,2026-09-14 3:00:00,250
305,729,AI8609,545,693,2026-01-21 14:00:00,2026-01-21 19:00:00,300
306,866,AI1400,516,312,2026-03-13 20:00:00,2026-03-14 1:00:00,180
307,652,AI2179,79,491,2026-05-19 12:00:00,2026-05-19 16:00:00,250
308,251,AI7511,407,701,2026-05-21 12:00:00,2026-05-21 17:00:00,300
309,932,AI7518,461,873,2026-10-04 1:00:00,2026-10-04 2:00:00,250
310,160,AI2199,203,302,2026-10-31 19:00:00,2026-10-31 21:00:00,300
311,930,AI9080,859,577,2026-01-06 19:00:00,2026-01-06 22:00:00,220
312,620,AI7030,163,529,2026-07-22 16:00:00,2026-07-22 18:00:00,300
313,173,AI2525,369,195,2026-07-23 23:00:00,2026-07-24 1:00:00,300
314,603,AI6970,472,612,2026-06-21 20:00:00,2026-06-21 22:00:00,300
315,601,AI7757,525,602,2026-08-02 18:00:00,2026-08-02 19:00:00,300
316,178,AI2815,586,10,2026-09-19 3:00:00,2026-09-19 7:00:00,250
317,960,AI534,354,853,2026-01-05 22:00:00,2026-01-05 23:00:00,180
318,58,AI4262,673,871,2026-05-25 22:00:00,2026-05-26 0:00:00,220
319,536,AI2341,522,208,2026-02-27 12:00:00,2026-02-27 13:00:00,250
320,239,AI7150,478,496,2026-05-11 8:00:00,2026-05-11 10:00:00,250
321,761,AI2423,807,89,2026-04-15 9:00:00,2026-04-15 10:00:00,300
322,272,AI787,983,16,2026-03-02 8:00:00,2026-03-02 12:00:00,220
323,649,AI2407,753,392,2026-06-29 7:00:00,2026-06-29 10:00:00,220
324,798,AI418,150,174,2026-01-12 16:00:00,2026-01-12 17:00:00,250
325,587,AI540,711,76,2026-10-23 3:00:00,2026-10-23 8:00:00,250
326,694,AI8647,535,941,2026-09-17 20:00:00,2026-09-17 22:00:00,300
327,781,AI9167,461,375,2026-10-29 2:00:00,2026-10-29 3:00:00,220
328,74,AI3047,256,654,2026-10-20 10:00:00,2026-10-20 12:00:00,250
329,198,AI8950,256,624,2026-07-25 15:00:00,2026-07-25 19:00:00,250
330,280,AI9864,719,901,2026-10-07 20:00:00,2026-10-08 1:00:00,180
331,721,AI6058,195,289,2026-11-24 3:00:00,2026-11-24 4:00:00,300
332,615,AI9456,154,401,2026-09-01 7:00:00,2026-09-01 9:00:00,180
333,864,AI7240,425,965,2026-01-20 9:00:00,2026-01-20 14:00:00,180
334,3,AI6989,125,797,2026-08-16 20:00:00,2026-08-17 0:00:00,220
335,334,AI2441,582,690,2026-07-11 17:00:00,2026-07-11 21:00:00,300
336,364,AI9495,417,637,2026-10-05 23:00:00,2026-10-06 2:00:00,220
337,531,AI1214,531,278,2026-08-05 9:00:00,2026-08-05 12:00:00,180
338,996,AI7690,666,379,2026-05-11 16:00:00,2026-05-11 19:00:00,300
339,473,AI2354,500,17,2026-01-03 9:00:00,2026-01-03 10:00:00,300
340,383,AI2260,790,647,2026-09-06 2:00:00,2026-09-06 5:00:00,220
341,839,AI4316,477,758,2026-04-28 16:00:00,2026-04-28 19:00:00,180
342,251,AI5122,429,59,2026-11-27 7:00:00,2026-11-27 11:00:00,220
343,372,AI6238,141,779,2026-04-07 4:00:00,2026-04-07 9:00:00,300
344,828,AI6637,117,879,2026-07-02 0:00:00,2026-07-02 2:00:00,180
345,840,AI9176,868,965,2026-02-08 11:00:00,2026-02-08 12:00:00,220
346,743,AI820,195,713,2026-03-11 11:00:00,2026-03-11 16:00:00,300
347,926,AI3089,381,960,2026-01-10 16:00:00,2026-01-10 19:00:00,180
348,569,AI3930,581,909,2026-06-07 12:00:00,2026-06-07 15:00:00,180
349,368,AI3071,623,4,2026-02-05 18:00:00,2026-02-05 23:00:00,180
350,46,AI2102,376,397,2026-04-19 2:00:00,2026-04-19 4:00:00,180
351,942,AI4019,484,67,2026-03-30 0:00:00,2026-03-30 1:00:00,250
352,131,AI4621,279,992,2026-04-29 9:00:00,2026-04-29 10:00:00,250
353,824,AI9504,272,189,2026-08-26 2:00:00,2026-08-26 7:00:00,220
354,752,AI9945,930,592,2026-04-15 20:00:00,2026-04-15 23:00:00,180
355,891,AI1439,42,648,2026-08-27 21:00:00,2026-08-27 22:00:00,220
356,373,AI9451,799,532,2026-10-17 11:00:00,2026-10-17 16:00:00,180
357,424,AI6326,779,541,2026-05-19 13:00:00,2026-05-19 16:00:00,220
358,380,AI4320,622,823,2026-04-05 0:00:00,2026-04-05 2:00:00,220
359,781,AI9167,625,23,2026-06-13 3:00:00,2026-06-13 4:00:00,250
360,284,AI2356,609,643,2026-09-16 7:00:00,2026-09-16 9:00:00,250
361,987,AI2218,14,689,2026-11-07 2:00:00,2026-11-07 5:00:00,180
362,912,AI8482,92,55,2026-07-20 20:00:00,2026-07-21 0:00:00,300
363,816,AI2173,908,333,2026-06-11 8:00:00,2026-06-11 13:00:00,250
364,622,AI6941,729,756,2026-02-03 23:00:00,2026-02-04 0:00:00,180
365,967,AI8911,625,785,2026-02-16 6:00:00,2026-02-16 7:00:00,220
366,219,AI968,144,469,2026-07-26 21:00:00,2026-07-26 22:00:00,300
367,807,AI2008,747,618,2026-02-24 14:00:00,2026-02-24 17:00:00,250
368,697,AI2603,568,473,2026-01-22 23:00:00,2026-01-23 2:00:00,220
369,482,AI6684,626,249,2026-08-13 8:00:00,2026-08-13 11:00:00,220
370,188,AI4908,240,608,2026-06-13 11:00:00,2026-06-13 12:00:00,180
371,233,AI3841,925,122,2026-08-01 13:00:00,2026-08-01 17:00:00,300
372,781,AI7807,770,785,2026-02-17 1:00:00,2026-02-17 6:00:00,250
373,966,AI8898,575,238,2026-05-28 8:00:00,2026-05-28 10:00:00,220
374,837,AI5064,477,237,2026-07-12 20:00:00,2026-07-12 23:00:00,220
375,247,AI4702,543,894,2026-07-26 3:00:00,2026-07-26 7:00:00,180
376,337,AI4434,294,890,2026-11-01 2:00:00,2026-11-01 3:00:00,300
377,398,AI2643,417,354,2026-09-21 12:00:00,2026-09-21 17:00:00,180
378,892,AI832,365,304,2026-01-31 1:00:00,2026-01-31 2:00:00,220
379,261,AI8632,785,149,2026-05-08 6:00:00,2026-05-08 7:00:00,250
380,117,AI5586,177,964,2026-06-07 18:00:00,2026-06-07 22:00:00,220
381,611,AI5931,519,63,2026-08-16 12:00:00,2026-08-16 14:00:00,220
382,473,AI3639,843,572,2026-09-08 16:00:00,2026-09-08 17:00:00,220
383,394,AI6568,945,753,2026-05-29 17:00:00,2026-05-29 19:00:00,220
384,280,AI6161,370,340,2026-04-27 6:00:00,2026-04-27 8:00:00,300
385,957,AI1340,776,488,2026-08-24 17:00:00,2026-08-24 18:00:00,300
386,714,AI9510,869,400,2026-05-02 2:00:00,2026-05-02 5:00:00,180
387,533,AI3950,656,847,2026-07-14 21:00:00,2026-07-15 1:00:00,300
388,104,AI738,852,490,2026-11-14 15:00:00,2026-11-14 18:00:00,250
389,913,AI5106,642,160,2026-07-27 4:00:00,2026-07-27 7:00:00,220
390,853,AI4405,11,829,2026-02-03 16:00:00,2026-02-03 21:00:00,220
391,80,AI2682,77,12,2026-09-09 1:00:00,2026-09-09 5:00:00,250
392,861,AI2455,481,325,2026-08-14 21:00:00,2026-08-15 2:00:00,180
393,931,AI9062,300,958,2026-05-26 22:00:00,2026-05-26 23:00:00,220
394,564,AI8000,98,846,2026-07-09 15:00:00,2026-07-09 18:00:00,180
395,282,AI7502,936,209,2026-10-06 1:00:00,2026-10-06 6:00:00,300
396,790,AI9254,992,427,2026-08-20 15:00:00,2026-08-20 18:00:00,250
397,46,AI1399,800,158,2026-05-24 20:00:00,2026-05-24 23:00:00,180
398,621,AI9037,402,688,2026-01-21 7:00:00,2026-01-21 11:00:00,250
399,163,AI3903,12,789,2026-04-15 8:00:00,2026-04-15 11:00:00,180
400,73,AI5283,897,789,2026-05-09 4:00:00,2026-05-09 6:00:00,300
401,608,AI1467,397,97,2026-03-04 15:00:00,2026-03-04 17:00:00,300
402,192,AI9096,518,575,2026-08-14 8:00:00,2026-08-14 11:00:00,220
403,156,AI9634,548,860,2026-03-23 13:00:00,2026-03-23 14:00:00,180
404,362,AI2035,569,413,2026-08-28 13:00:00,2026-08-28 14:00:00,180
405,356,AI4123,752,324,2026-09-22 7:00:00,2026-09-22 8:00:00,250
406,442,AI2038,773,768,2026-04-17 2:00:00,2026-04-17 4:00:00,300
407,19,AI6984,200,642,2026-07-25 20:00:00,2026-07-25 22:00:00,180
408,153,AI9159,38,547,2026-02-15 18:00:00,2026-02-15 23:00:00,250
409,673,AI1779,22,95,2026-01-01 12:00:00,2026-01-01 15:00:00,180
410,578,AI214,297,461,2026-05-05 13:00:00,2026-05-05 14:00:00,220
411,357,AI9334,183,529,2026-03-10 23:00:00,2026-03-11 1:00:00,220
412,760,AI583,359,472,2026-11-02 1:00:00,2026-11-02 3:00:00,220
413,511,AI4987,283,613,2026-08-19 8:00:00,2026-08-19 13:00:00,250
414,628,AI7170,804,39,2026-09-30 5:00:00,2026-09-30 10:00:00,180
415,251,AI5902,138,85,2026-03-17 5:00:00,2026-03-17 7:00:00,180
416,823,AI2261,86,79,2026-09-11 18:00:00,2026-09-11 22:00:00,300
417,470,AI2445,723,426,2026-04-20 23:00:00,2026-04-21 3:00:00,300
418,176,AI5870,563,44,2026-03-03 7:00:00,2026-03-03 12:00:00,180
419,264,AI5539,662,844,2026-02-16 6:00:00,2026-02-16 11:00:00,250
420,387,AI4544,247,931,2026-07-30 6:00:00,2026-07-30 8:00:00,250
421,73,AI929,85,814,2026-03-06 11:00:00,2026-03-06 14:00:00,220
422,33,AI9242,896,897,2026-08-12 17:00:00,2026-08-12 21:00:00,220
423,389,AI8372,304,313,2026-03-16 18:00:00,2026-03-16 20:00:00,220
424,115,AI6650,438,545,2026-09-28 15:00:00,2026-09-28 19:00:00,180
425,261,AI3389,217,880,2026-04-27 13:00:00,2026-04-27 17:00:00,180
426,414,AI4812,864,194,2026-02-09 2:00:00,2026-02-09 3:00:00,250
427,725,AI6301,66,764,2026-08-25 19:00:00,2026-08-25 20:00:00,220
428,868,AI8421,775,184,2026-09-27 4:00:00,2026-09-27 6:00:00,220
429,331,AI7498,623,185,2026-11-13 3:00:00,2026-11-13 4:00:00,300
430,208,AI5440,405,124,2026-03-07 10:00:00,2026-03-07 12:00:00,180
431,389,AI3453,954,274,2026-03-01 13:00:00,2026-03-01 16:00:00,250
432,133,AI2421,428,638,2026-08-30 8:00:00,2026-08-30 13:00:00,250
433,373,AI5997,198,437,2026-03-21 21:00:00,2026-03-21 23:00:00,300
434,369,AI9171,714,226,2026-05-01 15:00:00,2026-05-01 18:00:00,250
435,790,AI5786,601,710,2026-11-13 15:00:00,2026-11-13 17:00:00,220
436,489,AI272,841,222,2026-07-14 10:00:00,2026-07-14 15:00:00,250
437,974,AI2588,878,28,2026-08-31 10:00:00,2026-08-31 15:00:00,250
438,214,AI3484,100,163,2026-11-18 23:00:00,2026-11-19 0:00:00,180
439,744,AI3961,449,919,2026-02-14 21:00:00,2026-02-14 23:00:00,180
440,613,AI3953,361,56,2026-05-03 20:00:00,2026-05-03 21:00:00,220
441,952,AI3712,486,163,2026-01-03 17:00:00,2026-01-03 19:00:00,250
442,809,AI1025,785,449,2026-05-09 16:00:00,2026-05-09 19:00:00,300
443,700,AI355,647,6,2026-06-21 13:00:00,2026-06-21 16:00:00,180
444,593,AI6145,916,651,2026-06-07 14:00:00,2026-06-07 16:00:00,300
445,671,AI9015,771,848,2026-05-09 6:00:00,2026-05-09 9:00:00,250
446,723,AI9338,767,289,2026-09-09 16:00:00,2026-09-09 21:00:00,220
447,620,AI5859,795,42,2026-02-27 18:00:00,2026-02-27 19:00:00,300
448,562,AI370,645,180,2026-02-15 15:00:00,2026-02-15 19:00:00,220
449,993,AI6157,7,428,2026-01-25 1:00:00,2026-01-25 3:00:00,180
450,117,AI3701,696,585,2026-01-31 10:00:00,2026-01-31 13:00:00,180
451,272,AI6852,157,363,2026-09-04 10:00:00,2026-09-04 14:00:00,180
452,938,AI4169,839,75,2026-03-13 21:00:00,2026-03-14 0:00:00,220
453,732,AI4406,519,430,2026-07-28 22:00:00,2026-07-28 23:00:00,300
454,57,AI6193,655,216,2026-02-16 6:00:00,2026-02-16 11:00:00,250
455,675,AI2563,527,763,2026-01-17 21:00:00,2026-01-18 0:00:00,220
456,413,AI8531,389,894,2026-02-14 18:00:00,2026-02-14 22:00:00,220
457,348,AI9096,888,953,2026-10-01 6:00:00,2026-10-01 7:00:00,180
458,546,AI4376,535,370,2026-08-10 0:00:00,2026-08-10 4:00:00,250
459,777,AI3345,212,237,2026-04-27 12:00:00,2026-04-27 15:00:00,180
460,778,AI1740,62,713,2026-07-23 20:00:00,2026-07-23 22:00:00,300
461,842,AI3113,984,78,2026-10-02 8:00:00,2026-10-02 11:00:00,220
462,574,AI5989,970,15,2026-08-13 12:00:00,2026-08-13 13:00:00,180
463,50,AI2013,342,483,2026-05-29 21:00:00,2026-05-30 2:00:00,300
464,770,AI8808,942,686,2026-09-20 11:00:00,2026-09-20 14:00:00,180
465,753,AI947,784,442,2026-01-21 22:00:00,2026-01-22 1:00:00,220
466,125,AI1691,237,487,2026-10-23 12:00:00,2026-10-23 15:00:00,180
467,139,AI7228,269,774,2026-04-18 15:00:00,2026-04-18 16:00:00,300
468,961,AI895,857,753,2026-07-10 14:00:00,2026-07-10 18:00:00,180
469,355,AI9465,281,874,2026-04-30 11:00:00,2026-04-30 12:00:00,250
470,659,AI4921,371,732,2026-09-27 4:00:00,2026-09-27 7:00:00,180
471,34,AI1558,673,803,2026-06-23 19:00:00,2026-06-23 20:00:00,220
472,984,AI7972,751,20,2026-04-22 3:00:00,2026-04-22 8:00:00,220
473,329,AI7539,893,423,2026-09-09 23:00:00,2026-09-10 1:00:00,220
474,84,AI8374,884,573,2026-05-15 5:00:00,2026-05-15 7:00:00,300
475,292,AI7272,214,787,2026-05-02 15:00:00,2026-05-02 20:00:00,180
476,137,AI5976,938,465,2026-10-07 11:00:00,2026-10-07 16:00:00,250
477,129,AI4790,596,558,2026-11-13 8:00:00,2026-11-13 10:00:00,220
478,703,AI9937,452,432,2026-02-17 0:00:00,2026-02-17 4:00:00,180
479,45,AI2854,478,394,2026-03-20 9:00:00,2026-03-20 11:00:00,180
480,484,AI4432,361,833,2026-01-23 10:00:00,2026-01-23 11:00:00,220
481,176,AI2971,671,941,2026-05-08 4:00:00,2026-05-08 9:00:00,220
482,715,AI7184,368,299,2026-09-25 7:00:00,2026-09-25 11:00:00,180
483,864,AI4226,24,940,2026-09-11 14:00:00,2026-09-11 15:00:00,300
484,164,AI6044,494,150,2026-08-14 21:00:00,2026-08-15 0:00:00,220
485,31,AI216,76,403,2026-04-06 19:00:00,2026-04-06 23:00:00,250
486,718,AI2919,428,254,2026-10-12 8:00:00,2026-10-12 13:00:00,250
487,772,AI2924,70,958,2026-10-30 16:00:00,2026-10-30 19:00:00,180
488,86,AI3489,935,769,2026-08-06 11:00:00,2026-08-06 13:00:00,250
489,704,AI466,269,434,2026-06-08 19:00:00,2026-06-08 20:00:00,250
490,783,AI1469,279,341,2026-06-02 10:00:00,2026-06-02 12:00:00,180
491,62,AI1477,680,346,2026-05-15 13:00:00,2026-05-15 16:00:00,250
492,491,AI9581,287,575,2026-01-17 7:00:00,2026-01-17 11:00:00,180
493,183,AI9257,826,746,2026-09-16 19:00:00,2026-09-16 20:00:00,250
494,471,AI1709,260,617,2026-07-13 4:00:00,2026-07-13 7:00:00,220
495,432,AI1810,629,834,2026-11-12 7:00:00,2026-11-12 9:00:00,300
496,216,AI6294,712,785,2026-02-25 1:00:00,2026-02-25 3:00:00,180
497,134,AI394,42,729,2026-10-29 6:00:00,2026-10-29 11:00:00,220
498,311,AI2217,859,163,2026-11-16 8:00:00,2026-11-16 11:00:00,220
499,60,AI1394,48,875,2026-08-06 13:00:00,2026-08-06 16:00:00,250
500,263,AI3369,650,272,2026-02-12 1:00:00,2026-02-12 6:00:00,250
501,311,AI9715,572,36,2026-08-21 7:00:00,2026-08-21 12:00:00,220
502,776,AI6822,345,643,2026-02-10 0:00:00,2026-02-10 3:00:00,300
503,596,AI2711,427,709,2026-10-29 22:00:00,2026-10-29 23:00:00,300
504,917,AI1562,437,419,2026-03-21 5:00:00,2026-03-21 8:00:00,180
505,434,AI6429,413,617,2026-01-24 16:00:00,2026-01-24 21:00:00,300
506,627,AI4182,518,151,2026-02-07 8:00:00,2026-02-07 11:00:00,220
507,8,AI5192,601,514,2026-08-03 7:00:00,2026-08-03 10:00:00,220
508,405,AI7444,807,563,2026-03-28 10:00:00,2026-03-28 12:00:00,300
509,716,AI418,246,405,2026-06-05 15:00:00,2026-06-05 17:00:00,180
510,895,AI7637,488,43,2026-05-13 3:00:00,2026-05-13 7:00:00,180
511,749,AI3207,880,969,2026-08-24 12:00:00,2026-08-24 17:00:00,300
512,835,AI6490,712,854,2026-11-16 13:00:00,2026-11-16 17:00:00,180
513,705,AI615,227,380,2026-04-19 15:00:00,2026-04-19 17:00:00,180
514,961,AI5531,728,75,2026-06-19 8:00:00,2026-06-19 13:00:00,250
515,281,AI4776,785,36,2026-03-06 5:00:00,2026-03-06 7:00:00,300
516,451,AI3537,314,691,2026-09-17 18:00:00,2026-09-17 20:00:00,250
517,540,AI2211,502,714,2026-04-28 3:00:00,2026-04-28 4:00:00,220
518,145,AI339,761,505,2026-07-23 16:00:00,2026-07-23 20:00:00,250
519,382,AI3923,775,162,2026-04-26 16:00:00,2026-04-26 17:00:00,220
520,781,AI8853,300,564,2026-07-13 13:00:00,2026-07-13 14:00:00,300
521,359,AI9262,327,277,2026-11-23 18:00:00,2026-11-23 22:00:00,250
522,535,AI8422,215,307,2026-08-24 13:00:00,2026-08-24 16:00:00,220
523,566,AI5468,619,302,2026-03-10 18:00:00,2026-03-10 21:00:00,250
524,785,AI1802,611,273,2026-09-14 9:00:00,2026-09-14 12:00:00,300
525,413,AI6164,422,224,2026-01-10 7:00:00,2026-01-10 10:00:00,220
526,95,AI8498,403,770,2026-09-19 19:00:00,2026-09-19 22:00:00,250
527,228,AI346,140,212,2026-10-30 3:00:00,2026-10-30 7:00:00,300
528,689,AI4133,139,840,2026-06-23 21:00:00,2026-06-24 0:00:00,220
529,647,AI9539,967,719,2026-02-27 15:00:00,2026-02-27 18:00:00,250
530,431,AI9362,773,127,2026-01-07 0:00:00,2026-01-07 2:00:00,180
531,652,AI8004,619,334,2026-10-15 3:00:00,2026-10-15 8:00:00,180
532,562,AI9070,409,178,2026-04-13 10:00:00,2026-04-13 14:00:00,300
533,450,AI5155,849,65,2026-11-02 10:00:00,2026-11-02 14:00:00,180
534,591,AI8104,823,603,2026-01-16 2:00:00,2026-01-16 6:00:00,180
535,786,AI3235,306,416,2026-10-14 0:00:00,2026-10-14 2:00:00,180
536,182,AI3707,586,69,2026-10-18 23:00:00,2026-10-19 1:00:00,220
537,8,AI7277,518,767,2026-08-27 22:00:00,2026-08-28 3:00:00,250
538,416,AI5728,500,813,2026-02-11 10:00:00,2026-02-11 12:00:00,180
539,615,AI5617,905,59,2026-07-09 19:00:00,2026-07-09 21:00:00,180
540,772,AI316,772,12,2026-09-07 23:00:00,2026-09-08 2:00:00,250
541,46,AI846,467,528,2026-10-03 20:00:00,2026-10-03 21:00:00,300
542,523,AI5312,728,456,2026-04-21 19:00:00,2026-04-22 0:00:00,180
543,101,AI6119,498,262,2026-11-10 12:00:00,2026-11-10 14:00:00,180
544,220,AI7621,988,343,2026-02-23 16:00:00,2026-02-23 17:00:00,250
545,341,AI2804,786,685,2026-07-06 20:00:00,2026-07-06 23:00:00,300
546,319,AI6983,682,88,2026-07-31 2:00:00,2026-07-31 7:00:00,300
547,393,AI8451,867,705,2026-09-20 18:00:00,2026-09-20 21:00:00,220
548,596,AI9916,746,464,2026-04-14 11:00:00,2026-04-14 15:00:00,180
549,164,AI2244,610,136,2026-04-07 15:00:00,2026-04-07 20:00:00,300
550,299,AI4937,56,122,2026-03-02 10:00:00,2026-03-02 11:00:00,300
551,574,AI7780,564,889,2026-07-12 16:00:00,2026-07-12 20:00:00,300
552,239,AI8827,9,887,2026-10-15 20:00:00,2026-10-15 22:00:00,180
553,924,AI9535,352,206,2026-04-20 5:00:00,2026-04-20 9:00:00,180
554,452,AI3687,11,849,2026-05-11 16:00:00,2026-05-11 20:00:00,180
555,579,AI7090,449,43,2026-07-13 10:00:00,2026-07-13 13:00:00,220
556,82,AI9966,207,627,2026-02-23 1:00:00,2026-02-23 4:00:00,300
557,753,AI3384,117,768,2026-02-03 21:00:00,2026-02-03 23:00:00,180
558,447,AI4542,721,220,2026-08-10 7:00:00,2026-08-10 8:00:00,180
559,401,AI4512,521,37,2026-07-11 4:00:00,2026-07-11 7:00:00,180
560,924,AI3961,33,416,2026-09-08 0:00:00,2026-09-08 3:00:00,220
561,172,AI5132,263,341,2026-11-09 0:00:00,2026-11-09 5:00:00,220
562,117,AI143,397,930,2026-11-06 13:00:00,2026-11-06 14:00:00,180
563,762,AI7830,77,644,2026-04-22 15:00:00,2026-04-22 19:00:00,300
564,61,AI9681,251,216,2026-04-20 4:00:00,2026-04-20 5:00:00,300
565,152,AI7783,546,805,2026-04-30 1:00:00,2026-04-30 4:00:00,220
566,208,AI3471,724,102,2026-06-28 10:00:00,2026-06-28 12:00:00,300
567,563,AI2490,586,97,2026-07-26 6:00:00,2026-07-26 10:00:00,300
568,470,AI2720,894,664,2026-07-22 5:00:00,2026-07-22 8:00:00,300
569,18,AI2015,97,202,2026-11-06 15:00:00,2026-11-06 19:00:00,180
570,929,AI222,854,326,2026-02-18 18:00:00,2026-02-18 21:00:00,300
571,127,AI847,588,313,2026-11-01 10:00:00,2026-11-01 11:00:00,250
572,504,AI4616,151,938,2026-11-28 23:00:00,2026-11-29 3:00:00,180
573,205,AI6054,121,672,2026-02-09 6:00:00,2026-02-09 10:00:00,250
574,413,AI9624,583,557,2026-01-02 15:00:00,2026-01-02 20:00:00,300
575,962,AI4143,446,923,2026-03-09 23:00:00,2026-03-10 3:00:00,220
576,284,AI268,715,119,2026-04-24 3:00:00,2026-04-24 7:00:00,300
577,969,AI813,88,358,2026-05-17 9:00:00,2026-05-17 10:00:00,220
578,146,AI9242,327,417,2026-10-17 14:00:00,2026-10-17 19:00:00,180
579,958,AI3360,631,777,2026-05-08 9:00:00,2026-05-08 14:00:00,220
580,757,AI8449,677,768,2026-07-29 5:00:00,2026-07-29 8:00:00,220
581,285,AI917,23,298,2026-10-03 14:00:00,2026-10-03 18:00:00,220
582,189,AI1301,495,578,2026-09-11 15:00:00,2026-09-11 16:00:00,180
583,858,AI9413,765,289,2026-08-07 10:00:00,2026-08-07 12:00:00,220
584,81,AI5207,918,523,2026-11-05 12:00:00,2026-11-05 13:00:00,220
585,293,AI7125,991,763,2026-10-08 20:00:00,2026-10-09 1:00:00,180
586,616,AI4902,466,789,2026-08-27 5:00:00,2026-08-27 8:00:00,180
587,743,AI3576,907,265,2026-06-03 15:00:00,2026-06-03 18:00:00,220
588,618,AI2101,45,372,2026-03-13 17:00:00,2026-03-13 19:00:00,220
589,369,AI8711,912,564,2026-10-01 3:00:00,2026-10-01 4:00:00,300
590,216,AI5266,438,960,2026-09-18 21:00:00,2026-09-18 22:00:00,250
591,321,AI6358,939,697,2026-07-12 22:00:00,2026-07-13 0:00:00,220
592,736,AI4517,379,642,2026-06-30 0:00:00,2026-06-30 5:00:00,300
593,29,AI3239,23,735,2026-03-10 3:00:00,2026-03-10 5:00:00,220
594,571,AI324,373,944,2026-02-05 4:00:00,2026-02-05 8:00:00,220
595,91,AI7742,583,434,2026-05-16 11:00:00,2026-05-16 13:00:00,180
596,505,AI8916,122,687,2026-11-16 11:00:00,2026-11-16 14:00:00,300
597,680,AI7421,990,342,2026-04-06 14:00:00,2026-04-06 19:00:00,180
598,277,AI1004,299,421,2026-02-27 15:00:00,2026-02-27 19:00:00,220
599,651,AI7761,697,65,2026-07-24 6:00:00,2026-07-24 7:00:00,300
600,38,AI269,228,821,2026-09-18 5:00:00,2026-09-18 7:00:00,300
601,743,AI4375,915,81,2026-06-04 1:00:00,2026-06-04 4:00:00,220
602,633,AI7558,966,834,2026-01-22 15:00:00,2026-01-22 20:00:00,250
603,19,AI6859,590,14,2026-08-07 21:00:00,2026-08-07 23:00:00,250
604,436,AI3405,253,808,2026-05-10 3:00:00,2026-05-10 5:00:00,300
605,526,AI570,142,418,2026-04-29 1:00:00,2026-04-29 5:00:00,300
606,413,AI221,578,673,2026-05-01 22:00:00,2026-05-02 2:00:00,180
607,722,AI4827,234,336,2026-11-26 21:00:00,2026-11-26 22:00:00,300
608,711,AI2442,459,39,2026-08-06 5:00:00,2026-08-06 6:00:00,180
609,677,AI7666,695,26,2026-11-28 19:00:00,2026-11-29 0:00:00,300
610,473,AI6421,297,276,2026-02-02 16:00:00,2026-02-02 20:00:00,220
611,673,AI3401,561,246,2026-03-06 11:00:00,2026-03-06 15:00:00,250
612,148,AI6492,539,819,2026-06-18 21:00:00,2026-06-19 0:00:00,180
613,855,AI4715,994,690,2026-08-09 1:00:00,2026-08-09 2:00:00,300
614,48,AI2783,179,944,2026-11-28 4:00:00,2026-11-28 6:00:00,300
615,447,AI7639,457,336,2026-05-06 22:00:00,2026-05-07 3:00:00,300
616,858,AI3695,930,907,2026-06-26 20:00:00,2026-06-27 1:00:00,220
617,511,AI4071,426,982,2026-10-24 2:00:00,2026-10-24 5:00:00,180
618,160,AI487,256,380,2026-05-27 12:00:00,2026-05-27 17:00:00,250
619,113,AI8111,802,253,2026-07-05 3:00:00,2026-07-05 8:00:00,300
620,75,AI6979,100,477,2026-05-29 6:00:00,2026-05-29 8:00:00,180
621,592,AI2319,768,573,2026-02-09 6:00:00,2026-02-09 10:00:00,250
622,885,AI5426,78,106,2026-08-16 9:00:00,2026-08-16 10:00:00,250
623,124,AI3921,344,248,2026-04-20 18:00:00,2026-04-20 20:00:00,300
624,113,AI1932,457,518,2026-05-11 16:00:00,2026-05-11 17:00:00,220
625,944,AI6639,66,379,2026-07-13 15:00:00,2026-07-13 18:00:00,220
626,139,AI9275,842,924,2026-09-17 20:00:00,2026-09-18 1:00:00,180
627,487,AI4127,511,502,2026-08-12 1:00:00,2026-08-12 4:00:00,250
628,326,AI362,602,889,2026-04-26 22:00:00,2026-04-27 3:00:00,300
629,361,AI4223,377,998,2026-02-16 20:00:00,2026-02-16 22:00:00,180
630,566,AI3100,649,414,2026-05-07 17:00:00,2026-05-07 19:00:00,250
631,665,AI4219,861,410,2026-02-03 16:00:00,2026-02-03 17:00:00,180
632,647,AI3297,9,733,2026-04-18 10:00:00,2026-04-18 11:00:00,180
633,230,AI2179,524,933,2026-08-12 8:00:00,2026-08-12 13:00:00,180
634,70,AI9436,764,541,2026-04-18 19:00:00,2026-04-18 23:00:00,250
635,284,AI2700,883,549,2026-10-29 16:00:00,2026-10-29 19:00:00,220
636,789,AI6272,255,89,2026-06-05 5:00:00,2026-06-05 6:00:00,180
637,130,AI4757,328,247,2026-06-16 12:00:00,2026-06-16 13:00:00,300
638,424,AI9541,358,531,2026-06-03 23:00:00,2026-06-04 4:00:00,300
639,886,AI1050,880,532,2026-06-23 13:00:00,2026-06-23 14:00:00,250
640,207,AI1363,83,759,2026-06-05 7:00:00,2026-06-05 10:00:00,220
641,676,AI7956,204,285,2026-05-11 18:00:00,2026-05-11 21:00:00,250
642,710,AI200,285,535,2026-05-28 6:00:00,2026-05-28 7:00:00,220
643,35,AI7358,923,362,2026-03-23 12:00:00,2026-03-23 15:00:00,300
644,418,AI6927,77,735,2026-01-28 15:00:00,2026-01-28 17:00:00,180
645,296,AI7602,952,902,2026-11-28 23:00:00,2026-11-29 2:00:00,180
646,958,AI7419,712,445,2026-03-27 7:00:00,2026-03-27 9:00:00,180
647,559,AI1561,871,710,2026-05-07 18:00:00,2026-05-07 22:00:00,220
648,526,AI5932,941,971,2026-03-02 11:00:00,2026-03-02 12:00:00,250
649,104,AI5192,283,227,2026-09-14 20:00:00,2026-09-14 21:00:00,250
650,979,AI5148,741,139,2026-11-06 9:00:00,2026-11-06 13:00:00,250
651,671,AI2659,947,340,2026-02-11 16:00:00,2026-02-11 20:00:00,220
652,267,AI9183,885,728,2026-01-13 4:00:00,2026-01-13 7:00:00,300
653,425,AI7096,483,729,2026-02-16 19:00:00,2026-02-16 20:00:00,300
654,164,AI2026,739,3,2026-09-17 16:00:00,2026-09-17 21:00:00,220
655,414,AI9245,491,993,2026-07-20 11:00:00,2026-07-20 16:00:00,300
656,833,AI5366,840,58,2026-08-07 20:00:00,2026-08-07 23:00:00,250
657,446,AI6582,555,86,2026-09-05 8:00:00,2026-09-05 13:00:00,300
658,112,AI5301,187,33,2026-06-13 19:00:00,2026-06-14 0:00:00,250
659,72,AI8005,655,860,2026-01-18 7:00:00,2026-01-18 10:00:00,220
660,927,AI2415,175,494,2026-09-23 18:00:00,2026-09-23 22:00:00,250
661,146,AI622,264,827,2026-03-11 19:00:00,2026-03-11 21:00:00,180
662,313,AI2094,498,893,2026-03-19 13:00:00,2026-03-19 14:00:00,220
663,401,AI4193,573,733,2026-07-30 17:00:00,2026-07-30 18:00:00,220
664,958,AI8315,954,432,2026-09-09 19:00:00,2026-09-09 20:00:00,300
665,390,AI6817,341,343,2026-07-25 2:00:00,2026-07-25 3:00:00,250
666,906,AI2461,627,705,2026-03-14 4:00:00,2026-03-14 9:00:00,300
667,588,AI232,369,761,2026-05-28 14:00:00,2026-05-28 17:00:00,180
668,165,AI2600,403,329,2026-07-27 10:00:00,2026-07-27 14:00:00,180
669,187,AI2319,95,295,2026-10-31 19:00:00,2026-10-31 21:00:00,250
670,174,AI4260,448,168,2026-04-08 13:00:00,2026-04-08 14:00:00,250
671,837,AI5911,359,517,2026-09-23 17:00:00,2026-09-23 21:00:00,250
672,147,AI1827,548,80,2026-08-29 13:00:00,2026-08-29 16:00:00,180
673,780,AI1240,629,517,2026-03-04 1:00:00,2026-03-04 4:00:00,250
674,635,AI1061,756,231,2026-11-28 20:00:00,2026-11-28 21:00:00,220
675,146,AI1160,645,199,2026-04-13 6:00:00,2026-04-13 9:00:00,180
676,956,AI2095,249,986,2026-05-04 16:00:00,2026-05-04 18:00:00,300
677,750,AI1228,417,987,2026-03-09 16:00:00,2026-03-09 21:00:00,180
678,744,AI5644,108,403,2026-02-28 19:00:00,2026-03-01 0:00:00,220
679,771,AI6894,712,220,2026-01-10 15:00:00,2026-01-10 17:00:00,180
680,502,AI3976,122,291,2026-04-28 16:00:00,2026-04-28 19:00:00,300
681,274,AI4969,613,650,2026-09-13 4:00:00,2026-09-13 5:00:00,300
682,759,AI1454,397,737,2026-03-01 21:00:00,2026-03-02 1:00:00,220
683,819,AI163,731,391,2026-06-20 14:00:00,2026-06-20 15:00:00,300
684,218,AI8019,831,485,2026-10-03 21:00:00,2026-10-04 0:00:00,250
685,904,AI8946,146,301,2026-08-15 11:00:00,2026-08-15 14:00:00,220
686,800,AI8718,191,964,2026-10-06 19:00:00,2026-10-06 20:00:00,300
687,355,AI9678,998,855,2026-11-15 10:00:00,2026-11-15 14:00:00,300
688,737,AI8183,159,474,2026-10-11 2:00:00,2026-10-11 3:00:00,300
689,445,AI4329,393,232,2026-09-13 1:00:00,2026-09-13 6:00:00,220
690,724,AI8493,700,501,2026-02-09 5:00:00,2026-02-09 10:00:00,300
691,901,AI133,282,526,2026-04-08 18:00:00,2026-04-08 23:00:00,180
692,938,AI5278,423,805,2026-01-04 11:00:00,2026-01-04 12:00:00,250
693,893,AI8529,366,485,2026-01-03 7:00:00,2026-01-03 10:00:00,250
694,464,AI8131,206,638,2026-07-12 13:00:00,2026-07-12 18:00:00,250
695,440,AI7250,944,763,2026-06-19 14:00:00,2026-06-19 18:00:00,250
696,843,AI8319,349,108,2026-06-27 22:00:00,2026-06-28 2:00:00,180
697,420,AI2858,942,38,2026-08-29 8:00:00,2026-08-29 10:00:00,180
698,187,AI1581,207,601,2026-07-15 12:00:00,2026-07-15 17:00:00,300
699,483,AI5168,304,902,2026-06-20 14:00:00,2026-06-20 18:00:00,300
700,430,AI4695,756,628,2026-02-17 5:00:00,2026-02-17 8:00:00,220
701,473,AI3796,192,346,2026-11-22 0:00:00,2026-11-22 3:00:00,250
702,609,AI5340,516,176,2026-10-09 7:00:00,2026-10-09 9:00:00,250
703,854,AI4999,778,89,2026-08-24 2:00:00,2026-08-24 5:00:00,300
704,336,AI987,259,700,2026-02-20 12:00:00,2026-02-20 16:00:00,300
705,335,AI3259,342,679,2026-05-01 19:00:00,2026-05-01 21:00:00,250
706,30,AI3904,880,866,2026-11-02 0:00:00,2026-11-02 5:00:00,250
707,487,AI7120,155,121,2026-07-15 15:00:00,2026-07-15 16:00:00,180
708,842,AI359,927,658,2026-10-12 16:00:00,2026-10-12 21:00:00,220
709,63,AI2959,836,262,2026-10-19 18:00:00,2026-10-19 19:00:00,300
710,271,AI3550,707,378,2026-09-09 9:00:00,2026-09-09 10:00:00,180
711,77,AI2212,858,944,2026-03-08 10:00:00,2026-03-08 14:00:00,220
712,37,AI4926,955,427,2026-08-28 11:00:00,2026-08-28 14:00:00,180
713,725,AI7685,333,120,2026-01-06 15:00:00,2026-01-06 19:00:00,300
714,499,AI8817,917,117,2026-05-29 15:00:00,2026-05-29 17:00:00,250
715,784,AI2702,665,471,2026-07-15 10:00:00,2026-07-15 14:00:00,220
716,621,AI8505,753,881,2026-08-16 14:00:00,2026-08-16 17:00:00,220
717,189,AI6355,125,647,2026-08-07 1:00:00,2026-08-07 4:00:00,300
718,802,AI2799,985,911,2026-06-20 20:00:00,2026-06-21 1:00:00,250
719,909,AI3696,634,810,2026-04-11 10:00:00,2026-04-11 13:00:00,220
720,654,AI9883,926,210,2026-07-04 23:00:00,2026-07-05 1:00:00,220
721,319,AI6005,423,560,2026-03-24 15:00:00,2026-03-24 18:00:00,250
722,119,AI2380,78,810,2026-07-26 5:00:00,2026-07-26 10:00:00,300
723,570,AI7735,59,592,2026-01-29 23:00:00,2026-01-30 1:00:00,180
724,97,AI3969,553,380,2026-04-04 19:00:00,2026-04-05 0:00:00,180
725,773,AI966,999,249,2026-01-23 21:00:00,2026-01-24 1:00:00,250
726,57,AI6663,803,95,2026-10-04 16:00:00,2026-10-04 17:00:00,180
727,617,AI1499,647,353,2026-08-28 8:00:00,2026-08-28 9:00:00,180
728,555,AI2529,282,906,2026-01-12 7:00:00,2026-01-12 8:00:00,300
729,294,AI2197,936,805,2026-07-02 9:00:00,2026-07-02 14:00:00,180
730,954,AI3294,865,583,2026-09-24 4:00:00,2026-09-24 8:00:00,180
731,335,AI6345,201,141,2026-10-25 23:00:00,2026-10-26 3:00:00,300
732,956,AI4760,290,605,2026-03-17 23:00:00,2026-03-18 1:00:00,180
733,891,AI2620,230,338,2026-11-14 8:00:00,2026-11-14 9:00:00,220
734,585,AI2327,62,621,2026-08-23 2:00:00,2026-08-23 5:00:00,250
735,369,AI8911,777,558,2026-09-03 20:00:00,2026-09-04 0:00:00,220
736,160,AI1321,360,639,2026-05-10 9:00:00,2026-05-10 12:00:00,180
737,918,AI8509,410,651,2026-10-15 20:00:00,2026-10-16 0:00:00,250
738,540,AI1557,177,654,2026-09-27 5:00:00,2026-09-27 7:00:00,250
739,502,AI3326,322,661,2026-08-25 16:00:00,2026-08-25 20:00:00,250
740,54,AI2812,484,135,2026-09-26 21:00:00,2026-09-27 2:00:00,180
741,439,AI2577,671,149,2026-01-06 1:00:00,2026-01-06 4:00:00,220
742,869,AI364,512,605,2026-02-14 17:00:00,2026-02-14 22:00:00,180
743,328,AI6289,525,698,2026-02-15 6:00:00,2026-02-15 9:00:00,220
744,596,AI9330,958,340,2026-09-22 0:00:00,2026-09-22 4:00:00,300
745,333,AI6121,122,23,2026-11-26 9:00:00,2026-11-26 10:00:00,300
746,871,AI2826,756,312,2026-06-07 23:00:00,2026-06-08 1:00:00,180
747,515,AI6559,308,169,2026-06-10 12:00:00,2026-06-10 14:00:00,220
748,778,AI1466,47,370,2026-07-16 11:00:00,2026-07-16 16:00:00,180
749,468,AI5429,329,291,2026-11-19 3:00:00,2026-11-19 8:00:00,220
750,903,AI9053,688,708,2026-10-09 15:00:00,2026-10-09 18:00:00,220
751,669,AI1863,176,628,2026-06-16 15:00:00,2026-06-16 18:00:00,180
752,902,AI5332,22,740,2026-04-02 7:00:00,2026-04-02 12:00:00,180
753,746,AI3446,456,411,2026-09-23 0:00:00,2026-09-23 1:00:00,180
754,369,AI8658,846,100,2026-08-28 20:00:00,2026-08-28 22:00:00,250
755,388,AI9273,753,369,2026-08-03 18:00:00,2026-08-03 21:00:00,220
756,503,AI324,762,416,2026-07-07 13:00:00,2026-07-07 15:00:00,300
757,459,AI105,896,247,2026-07-04 23:00:00,2026-07-05 2:00:00,180
758,96,AI5041,190,655,2026-02-01 14:00:00,2026-02-01 17:00:00,250
759,888,AI7747,155,935,2026-05-09 23:00:00,2026-05-10 3:00:00,250
760,968,AI2166,862,347,2026-07-19 4:00:00,2026-07-19 6:00:00,220
761,286,AI1192,238,410,2026-09-10 12:00:00,2026-09-10 14:00:00,180
762,276,AI1943,442,742,2026-10-16 1:00:00,2026-10-16 4:00:00,220
763,28,AI7097,406,680,2026-04-06 14:00:00,2026-04-06 18:00:00,300
764,257,AI4924,410,80,2026-09-11 5:00:00,2026-09-11 9:00:00,180
765,223,AI2162,157,577,2026-07-24 16:00:00,2026-07-24 21:00:00,180
766,694,AI6753,960,670,2026-07-10 10:00:00,2026-07-10 13:00:00,180
767,161,AI4060,114,851,2026-10-06 14:00:00,2026-10-06 16:00:00,180
768,315,AI4633,891,10,2026-05-18 13:00:00,2026-05-18 16:00:00,300
769,777,AI874,146,874,2026-01-24 12:00:00,2026-01-24 17:00:00,180
770,218,AI2371,474,698,2026-01-25 16:00:00,2026-01-25 20:00:00,250
771,244,AI7888,619,392,2026-05-31 11:00:00,2026-05-31 16:00:00,220
772,739,AI6970,136,910,2026-10-23 15:00:00,2026-10-23 17:00:00,300
773,535,AI5031,398,142,2026-01-02 7:00:00,2026-01-02 8:00:00,250
774,122,AI8635,352,612,2026-09-04 4:00:00,2026-09-04 6:00:00,300
775,12,AI219,136,581,2026-05-13 9:00:00,2026-05-13 13:00:00,220
776,887,AI6143,107,375,2026-09-21 13:00:00,2026-09-21 17:00:00,300
777,770,AI1040,814,547,2026-01-10 10:00:00,2026-01-10 14:00:00,220
778,238,AI418,932,280,2026-09-13 1:00:00,2026-09-13 6:00:00,300
779,628,AI8969,815,44,2026-03-03 21:00:00,2026-03-04 1:00:00,220
780,659,AI6716,428,655,2026-05-28 14:00:00,2026-05-28 16:00:00,250
781,67,AI3057,728,675,2026-07-27 22:00:00,2026-07-28 3:00:00,250
782,316,AI3605,769,655,2026-06-05 10:00:00,2026-06-05 13:00:00,250
783,777,AI1956,271,702,2026-02-14 12:00:00,2026-02-14 17:00:00,180
784,632,AI8688,271,137,2026-01-26 13:00:00,2026-01-26 17:00:00,180
785,168,AI494,945,792,2026-02-03 6:00:00,2026-02-03 11:00:00,180
786,24,AI775,3,17,2026-04-14 15:00:00,2026-04-14 17:00:00,250
787,224,AI5158,80,912,2026-11-21 22:00:00,2026-11-22 2:00:00,180
788,843,AI5203,966,6,2026-06-28 6:00:00,2026-06-28 7:00:00,180
789,360,AI7289,612,871,2026-06-25 14:00:00,2026-06-25 19:00:00,220
790,140,AI8450,566,320,2026-09-19 0:00:00,2026-09-19 4:00:00,220
791,260,AI6167,945,556,2026-03-16 20:00:00,2026-03-16 21:00:00,300
792,838,AI2888,961,253,2026-01-25 15:00:00,2026-01-25 18:00:00,220
793,645,AI7744,566,639,2026-08-21 18:00:00,2026-08-21 23:00:00,180
794,968,AI3904,437,806,2026-03-10 22:00:00,2026-03-11 0:00:00,180
795,844,AI4805,68,963,2026-11-05 5:00:00,2026-11-05 10:00:00,180
796,405,AI4546,106,900,2026-10-07 23:00:00,2026-10-08 1:00:00,220
797,254,AI9763,806,90,2026-10-27 13:00:00,2026-10-27 16:00:00,220
798,294,AI829,403,930,2026-09-19 20:00:00,2026-09-20 1:00:00,220
799,573,AI4748,941,344,2026-02-15 2:00:00,2026-02-15 7:00:00,250
800,191,AI5278,448,113,2026-03-30 6:00:00,2026-03-30 10:00:00,300
801,643,AI3102,824,455,2026-10-15 7:00:00,2026-10-15 9:00:00,180
802,159,AI6759,219,214,2026-04-30 3:00:00,2026-04-30 6:00:00,300
803,866,AI636,816,348,2026-10-11 14:00:00,2026-10-11 19:00:00,180
804,468,AI2018,177,644,2026-03-31 10:00:00,2026-03-31 11:00:00,180
805,217,AI3306,974,563,2026-11-20 7:00:00,2026-11-20 11:00:00,300
806,594,AI3279,729,910,2026-05-26 6:00:00,2026-05-26 8:00:00,250
807,495,AI811,479,143,2026-04-19 7:00:00,2026-04-19 8:00:00,250
808,471,AI4994,933,50,2026-02-23 1:00:00,2026-02-23 4:00:00,220
809,445,AI4582,755,539,2026-03-21 10:00:00,2026-03-21 13:00:00,180
810,949,AI4902,112,132,2026-05-12 16:00:00,2026-05-12 19:00:00,300
811,425,AI5869,371,735,2026-10-25 23:00:00,2026-10-26 1:00:00,220
812,740,AI4301,340,825,2026-06-06 21:00:00,2026-06-07 1:00:00,250
813,982,AI533,594,342,2026-10-12 17:00:00,2026-10-12 20:00:00,250
814,332,AI6762,453,206,2026-01-31 16:00:00,2026-01-31 17:00:00,180
815,477,AI894,743,675,2026-03-28 21:00:00,2026-03-28 22:00:00,180
816,877,AI2543,568,169,2026-07-28 17:00:00,2026-07-28 19:00:00,220
817,21,AI8681,135,290,2026-07-13 9:00:00,2026-07-13 12:00:00,300
818,889,AI5793,429,75,2026-01-18 15:00:00,2026-01-18 17:00:00,180
819,853,AI6903,437,256,2026-05-26 5:00:00,2026-05-26 10:00:00,180
820,138,AI4488,842,250,2026-01-24 19:00:00,2026-01-24 20:00:00,300
821,124,AI6719,283,613,2026-04-17 10:00:00,2026-04-17 13:00:00,300
822,274,AI432,653,967,2026-11-26 3:00:00,2026-11-26 5:00:00,300
823,205,AI2013,580,695,2026-07-29 22:00:00,2026-07-30 2:00:00,180
824,622,AI1285,225,375,2026-06-17 7:00:00,2026-06-17 12:00:00,220
825,559,AI6152,407,624,2026-04-22 0:00:00,2026-04-22 3:00:00,250
826,406,AI4417,958,473,2026-02-18 22:00:00,2026-02-19 0:00:00,220
827,606,AI9928,157,760,2026-11-23 21:00:00,2026-11-23 22:00:00,250
828,846,AI2732,833,846,2026-10-28 23:00:00,2026-10-29 1:00:00,250
829,78,AI563,960,279,2026-10-17 0:00:00,2026-10-17 5:00:00,300
830,494,AI5700,139,271,2026-10-17 22:00:00,2026-10-18 3:00:00,220
831,353,AI4402,2,349,2026-11-15 19:00:00,2026-11-16 0:00:00,220
832,855,AI9093,674,648,2026-03-07 1:00:00,2026-03-07 6:00:00,180
833,23,AI4548,198,869,2026-01-23 11:00:00,2026-01-23 14:00:00,180
834,238,AI2196,327,257,2026-10-06 9:00:00,2026-10-06 14:00:00,300
835,153,AI3729,546,330,2026-01-05 19:00:00,2026-01-05 22:00:00,300
836,666,AI1034,168,221,2026-09-19 3:00:00,2026-09-19 5:00:00,180
837,823,AI7073,269,763,2026-04-10 18:00:00,2026-04-10 19:00:00,250
838,573,AI8789,778,19,2026-06-25 6:00:00,2026-06-25 10:00:00,180
839,409,AI3581,531,227,2026-03-05 14:00:00,2026-03-05 19:00:00,180
840,772,AI8139,31,625,2026-05-24 20:00:00,2026-05-25 1:00:00,250
841,175,AI2530,650,279,2026-08-08 4:00:00,2026-08-08 8:00:00,220
842,366,AI2737,452,356,2026-08-09 8:00:00,2026-08-09 10:00:00,300
843,570,AI5950,233,472,2026-04-02 7:00:00,2026-04-02 12:00:00,300
844,876,AI9134,302,815,2026-09-28 18:00:00,2026-09-28 20:00:00,250
845,538,AI3352,142,713,2026-06-15 19:00:00,2026-06-15 20:00:00,180
846,959,AI2303,295,764,2026-03-16 21:00:00,2026-03-17 2:00:00,180
847,991,AI4529,458,863,2026-09-25 12:00:00,2026-09-25 14:00:00,180
848,784,AI9905,945,592,2026-02-17 19:00:00,2026-02-17 22:00:00,180
849,832,AI1138,622,131,2026-09-09 6:00:00,2026-09-09 10:00:00,250
850,987,AI8803,896,212,2026-04-18 10:00:00,2026-04-18 11:00:00,250
851,835,AI9550,232,966,2026-08-24 19:00:00,2026-08-24 23:00:00,220
852,655,AI5848,357,945,2026-10-07 21:00:00,2026-10-08 2:00:00,250
853,916,AI251,750,266,2026-02-19 18:00:00,2026-02-19 21:00:00,180
854,367,AI9094,918,36,2026-05-06 2:00:00,2026-05-06 4:00:00,250
855,67,AI7869,345,228,2026-09-01 4:00:00,2026-09-01 5:00:00,250
856,849,AI9086,144,427,2026-04-17 13:00:00,2026-04-17 16:00:00,300
857,967,AI1489,24,485,2026-08-30 7:00:00,2026-08-30 8:00:00,220
858,309,AI2988,319,60,2026-08-12 16:00:00,2026-08-12 21:00:00,220
859,476,AI5855,599,516,2026-07-15 15:00:00,2026-07-15 16:00:00,250
860,854,AI3721,806,603,2026-06-16 15:00:00,2026-06-16 18:00:00,300
861,961,AI8678,566,80,2026-01-31 4:00:00,2026-01-31 7:00:00,250
862,965,AI1864,724,466,2026-08-25 0:00:00,2026-08-25 4:00:00,180
863,137,AI3774,595,949,2026-05-04 4:00:00,2026-05-04 7:00:00,180
864,880,AI6754,856,59,2026-06-25 23:00:00,2026-06-26 3:00:00,300
865,9,AI7878,607,753,2026-04-26 2:00:00,2026-04-26 7:00:00,220
866,676,AI9126,854,228,2026-05-04 15:00:00,2026-05-04 17:00:00,250
867,718,AI6539,46,138,2026-06-13 23:00:00,2026-06-14 1:00:00,220
868,582,AI1791,824,62,2026-04-15 11:00:00,2026-04-15 15:00:00,180
869,528,AI8327,374,49,2026-08-08 14:00:00,2026-08-08 19:00:00,250
870,327,AI9893,562,982,2026-03-24 16:00:00,2026-03-24 21:00:00,180
871,110,AI6237,883,757,2026-03-16 9:00:00,2026-03-16 10:00:00,180
872,914,AI1602,328,392,2026-10-08 12:00:00,2026-10-08 15:00:00,250
873,772,AI2046,827,285,2026-06-25 17:00:00,2026-06-25 20:00:00,220
874,81,AI9342,93,100,2026-09-02 20:00:00,2026-09-02 23:00:00,300
875,968,AI9215,525,540,2026-07-20 14:00:00,2026-07-20 19:00:00,180
876,741,AI9120,14,777,2026-04-14 12:00:00,2026-04-14 13:00:00,180
877,889,AI2717,303,456,2026-06-12 21:00:00,2026-06-13 2:00:00,220
878,388,AI1398,217,850,2026-10-05 4:00:00,2026-10-05 7:00:00,250
879,463,AI7784,709,930,2026-05-17 2:00:00,2026-05-17 4:00:00,180
880,972,AI980,488,5,2026-01-04 0:00:00,2026-01-04 2:00:00,300
881,657,AI4574,696,395,2026-05-22 12:00:00,2026-05-22 13:00:00,180
882,726,AI135,268,605,2026-07-09 5:00:00,2026-07-09 9:00:00,220
883,612,AI7478,717,397,2026-10-02 14:00:00,2026-10-02 17:00:00,300
884,189,AI9267,528,539,2026-01-10 22:00:00,2026-01-10 23:00:00,220
885,464,AI2405,398,446,2026-02-17 4:00:00,2026-02-17 7:00:00,220
886,799,AI3145,521,130,2026-06-25 8:00:00,2026-06-25 13:00:00,250
887,991,AI5917,503,44,2026-07-28 18:00:00,2026-07-28 21:00:00,250
888,298,AI4610,504,452,2026-05-17 5:00:00,2026-05-17 7:00:00,180
889,666,AI3562,590,516,2026-08-07 2:00:00,2026-08-07 6:00:00,250
890,112,AI3434,216,471,2026-01-10 13:00:00,2026-01-10 14:00:00,220
891,884,AI127,263,927,2026-04-05 18:00:00,2026-04-05 19:00:00,220
892,304,AI7019,682,690,2026-01-26 22:00:00,2026-01-27 3:00:00,220
893,5,AI6675,348,727,2026-08-25 11:00:00,2026-08-25 15:00:00,250
894,167,AI219,972,357,2026-01-01 11:00:00,2026-01-01 16:00:00,220
895,325,AI659,459,984,2026-07-18 16:00:00,2026-07-18 18:00:00,220
896,250,AI9262,995,652,2026-02-20 4:00:00,2026-02-20 8:00:00,220
897,212,AI9245,28,209,2026-11-04 20:00:00,2026-11-04 21:00:00,300
898,877,AI7454,149,267,2026-09-16 6:00:00,2026-09-16 7:00:00,300
899,75,AI6372,140,611,2026-03-10 0:00:00,2026-03-10 1:00:00,300
900,696,AI2186,156,161,2026-09-17 21:00:00,2026-09-18 1:00:00,220
901,412,AI9904,72,477,2026-08-27 2:00:00,2026-08-27 3:00:00,300
902,944,AI4991,266,71,2026-01-16 5:00:00,2026-01-16 10:00:00,300
903,423,AI823,539,758,2026-03-24 17:00:00,2026-03-24 18:00:00,220
904,655,AI3198,202,324,2026-05-08 18:00:00,2026-05-08 22:00:00,300
905,738,AI2047,808,349,2026-02-13 13:00:00,2026-02-13 18:00:00,220
906,744,AI1119,347,828,2026-09-16 20:00:00,2026-09-17 1:00:00,180
907,534,AI303,368,664,2026-06-09 20:00:00,2026-06-09 21:00:00,300
908,671,AI7074,443,103,2026-11-08 20:00:00,2026-11-08 22:00:00,180
909,846,AI9323,370,263,2026-03-26 22:00:00,2026-03-27 0:00:00,300
910,56,AI6843,316,836,2026-08-02 23:00:00,2026-08-03 2:00:00,220
911,1000,AI9726,245,63,2026-01-09 2:00:00,2026-01-09 4:00:00,180
912,444,AI8280,6,732,2026-10-24 9:00:00,2026-10-24 10:00:00,250
913,972,AI5996,421,284,2026-10-27 22:00:00,2026-10-28 1:00:00,300
914,960,AI3679,649,519,2026-10-18 9:00:00,2026-10-18 13:00:00,180
915,396,AI9658,565,761,2026-05-31 20:00:00,2026-06-01 1:00:00,180
916,378,AI2207,683,376,2026-10-30 12:00:00,2026-10-30 17:00:00,220
917,342,AI1117,845,412,2026-03-31 18:00:00,2026-03-31 20:00:00,250
918,227,AI8752,194,23,2026-09-05 9:00:00,2026-09-05 11:00:00,250
919,246,AI6404,704,140,2026-11-11 1:00:00,2026-11-11 3:00:00,300
920,500,AI2119,291,902,2026-05-12 11:00:00,2026-05-12 16:00:00,220
921,296,AI7874,831,708,2026-06-28 14:00:00,2026-06-28 17:00:00,220
922,978,AI4880,10,65,2026-08-01 14:00:00,2026-08-01 19:00:00,180
923,44,AI4191,714,952,2026-01-01 14:00:00,2026-01-01 19:00:00,300
924,461,AI6107,150,215,2026-09-07 1:00:00,2026-09-07 4:00:00,180
925,531,AI7682,467,976,2026-11-02 12:00:00,2026-11-02 17:00:00,250
926,74,AI7455,412,260,2026-05-12 10:00:00,2026-05-12 15:00:00,220
927,869,AI6324,396,135,2026-09-08 10:00:00,2026-09-08 13:00:00,300
928,995,AI2133,199,445,2026-05-08 10:00:00,2026-05-08 15:00:00,250
929,782,AI432,670,457,2026-05-02 19:00:00,2026-05-02 23:00:00,180
930,142,AI8087,199,58,2026-02-27 17:00:00,2026-02-27 19:00:00,220
931,971,AI8777,847,524,2026-02-02 11:00:00,2026-02-02 13:00:00,180
932,633,AI4774,666,960,2026-04-06 9:00:00,2026-04-06 13:00:00,180
933,220,AI1868,325,357,2026-03-19 14:00:00,2026-03-19 19:00:00,180
934,237,AI8395,621,62,2026-06-19 21:00:00,2026-06-20 2:00:00,180
935,1,AI8543,988,670,2026-08-01 8:00:00,2026-08-01 9:00:00,250
936,857,AI1852,719,68,2026-08-13 8:00:00,2026-08-13 10:00:00,220
937,133,AI7676,590,817,2026-07-10 11:00:00,2026-07-10 14:00:00,180
938,921,AI5770,899,992,2026-03-14 22:00:00,2026-03-14 23:00:00,250
939,567,AI790,243,307,2026-09-24 1:00:00,2026-09-24 6:00:00,250
940,569,AI1774,82,761,2026-10-08 22:00:00,2026-10-09 3:00:00,220
941,77,AI4421,490,87,2026-05-17 4:00:00,2026-05-17 8:00:00,250
942,387,AI2731,910,386,2026-03-02 7:00:00,2026-03-02 12:00:00,220
943,467,AI3122,792,588,2026-07-21 14:00:00,2026-07-21 19:00:00,300
944,177,AI824,664,808,2026-05-10 0:00:00,2026-05-10 3:00:00,300
945,771,AI6814,93,431,2026-04-17 17:00:00,2026-04-17 19:00:00,250
946,102,AI1749,549,871,2026-10-03 16:00:00,2026-10-03 20:00:00,180
947,797,AI2090,100,821,2026-03-18 19:00:00,2026-03-18 22:00:00,180
948,808,AI4150,338,671,2026-11-16 10:00:00,2026-11-16 11:00:00,250
949,315,AI2138,702,889,2026-02-12 7:00:00,2026-02-12 10:00:00,220
950,237,AI6060,765,90,2026-11-13 8:00:00,2026-11-13 12:00:00,180
951,916,AI4255,719,875,2026-02-11 5:00:00,2026-02-11 10:00:00,220
952,257,AI2594,898,790,2026-01-25 21:00:00,2026-01-26 0:00:00,300
953,847,AI7935,339,267,2026-10-10 17:00:00,2026-10-10 22:00:00,250
954,326,AI6134,908,336,2026-07-22 5:00:00,2026-07-22 8:00:00,250
955,266,AI1354,132,818,2026-07-07 11:00:00,2026-07-07 16:00:00,180
956,152,AI8448,842,175,2026-05-12 22:00:00,2026-05-13 2:00:00,220
957,370,AI1683,854,325,2026-06-26 20:00:00,2026-06-27 1:00:00,220
958,654,AI8923,711,326,2026-05-23 3:00:00,2026-05-23 7:00:00,220
959,406,AI5223,872,208,2026-08-07 11:00:00,2026-08-07 14:00:00,250
960,972,AI1838,129,485,2026-03-31 7:00:00,2026-03-31 9:00:00,220
961,224,AI495,93,282,2026-08-13 7:00:00,2026-08-13 8:00:00,180
962,714,AI6167,759,774,2026-03-30 9:00:00,2026-03-30 13:00:00,180
963,438,AI7633,449,926,2026-08-12 19:00:00,2026-08-12 22:00:00,220
964,601,AI9356,150,848,2026-11-16 18:00:00,2026-11-16 23:00:00,250
965,902,AI409,95,647,2026-06-28 14:00:00,2026-06-28 17:00:00,250
966,440,AI5027,985,940,2026-10-19 11:00:00,2026-10-19 14:00:00,220
967,568,AI248,125,807,2026-04-10 14:00:00,2026-04-10 15:00:00,180
968,65,AI4554,927,913,2026-06-03 16:00:00,2026-06-03 19:00:00,180
969,198,AI1006,697,794,2026-08-17 16:00:00,2026-08-17 18:00:00,250
970,634,AI8956,861,774,2026-07-04 20:00:00,2026-07-04 22:00:00,180
971,386,AI2901,743,972,2026-07-05 9:00:00,2026-07-05 10:00:00,300
972,894,AI5017,786,891,2026-08-23 16:00:00,2026-08-23 21:00:00,250
973,821,AI4827,981,737,2026-03-29 18:00:00,2026-03-29 23:00:00,180
974,437,AI5945,455,160,2026-05-12 17:00:00,2026-05-12 18:00:00,180
975,385,AI9864,942,132,2026-11-07 8:00:00,2026-11-07 10:00:00,300
976,765,AI7487,718,117,2026-05-14 20:00:00,2026-05-14 22:00:00,220
977,646,AI9672,418,677,2026-01-12 23:00:00,2026-01-13 2:00:00,300
978,275,AI5215,533,256,2026-10-29 9:00:00,2026-10-29 10:00:00,300
979,62,AI6384,691,19,2026-09-04 7:00:00,2026-09-04 9:00:00,250
980,898,AI1379,75,875,2026-02-01 22:00:00,2026-02-02 2:00:00,250
981,953,AI5073,425,824,2026-06-08 17:00:00,2026-06-08 19:00:00,220
982,708,AI4923,371,719,2026-03-24 1:00:00,2026-03-24 3:00:00,250
983,638,AI7538,242,185,2026-01-21 21:00:00,2026-01-22 0:00:00,250
984,257,AI6131,613,675,2026-08-20 20:00:00,2026-08-21 0:00:00,180
985,796,AI6868,96,537,2026-10-29 7:00:00,2026-10-29 10:00:00,220
986,940,AI9739,297,704,2026-02-20 10:00:00,2026-02-20 15:00:00,300
987,642,AI704,592,668,2026-05-12 2:00:00,2026-05-12 6:00:00,180
988,931,AI8426,202,59,2026-02-13 3:00:00,2026-02-13 8:00:00,250
989,77,AI2638,480,79,2026-07-04 1:00:00,2026-07-04 5:00:00,300
990,15,AI2362,269,984,2026-08-05 23:00:00,2026-08-06 4:00:00,250
991,389,AI2764,233,138,2026-09-25 5:00:00,2026-09-25 7:00:00,300
992,398,AI1567,746,422,2026-09-04 5:00:00,2026-09-04 7:00:00,180
993,809,AI5222,924,426,2026-06-23 15:00:00,2026-06-23 18:00:00,180
994,35,AI9626,134,142,2026-01-04 15:00:00,2026-01-04 18:00:00,300
995,775,AI5986,216,289,2026-08-11 1:00:00,2026-08-11 3:00:00,220
996,552,AI2777,495,182,2026-08-12 7:00:00,2026-08-12 11:00:00,180
997,164,AI7768,93,590,2026-05-20 0:00:00,2026-05-20 3:00:00,250
998,863,AI2323,786,697,2026-03-24 2:00:00,2026-03-24 7:00:00,180
999,610,AI3409,309,719,2026-07-19 3:00:00,2026-07-19 5:00:00,300
1000,396,AI4026,96,366,2026-03-17 21:00:00,2026-03-18 2:00:00,180
1001,645,AI3466,944,281,2026-08-07 11:00:00,2026-08-07 12:00:00,250
1002,818,AI7625,280,380,2026-11-08 9:00:00,2026-11-08 14:00:00,250
1003,245,AI4521,887,685,2026-10-22 10:00:00,2026-10-22 14:00:00,180
1004,485,AI8531,656,743,2026-10-23 6:00:00,2026-10-23 11:00:00,180
1005,143,AI5980,292,209,2026-02-08 8:00:00,2026-02-08 9:00:00,180
1006,773,AI7320,783,133,2026-08-15 6:00:00,2026-08-15 11:00:00,220
1007,56,AI3340,482,990,2026-11-27 23:00:00,2026-11-28 3:00:00,180
1008,196,AI7710,200,515,2026-07-30 17:00:00,2026-07-30 19:00:00,220
1009,953,AI1142,767,17,2026-02-16 14:00:00,2026-02-16 16:00:00,300
1010,459,AI6266,758,803,2026-08-20 1:00:00,2026-08-20 5:00:00,250
1011,646,AI2761,131,361,2026-10-18 23:00:00,2026-10-19 2:00:00,220
1012,163,AI3836,531,979,2026-04-14 8:00:00,2026-04-14 12:00:00,180
1013,376,AI4973,25,452,2026-01-06 5:00:00,2026-01-06 10:00:00,180
1014,639,AI198,952,647,2026-06-30 9:00:00,2026-06-30 11:00:00,220
1015,310,AI5777,372,815,2026-03-30 1:00:00,2026-03-30 3:00:00,300
1016,995,AI7555,355,967,2026-09-17 15:00:00,2026-09-17 20:00:00,250
1017,362,AI1043,7,515,2026-01-12 18:00:00,2026-01-12 23:00:00,180
1018,120,AI4698,210,935,2026-05-12 1:00:00,2026-05-12 3:00:00,180
1019,887,AI7047,208,15,2026-03-12 6:00:00,2026-03-12 11:00:00,180
1020,274,AI723,251,18,2026-08-23 10:00:00,2026-08-23 14:00:00,250
1021,680,AI2706,61,693,2026-04-23 15:00:00,2026-04-23 17:00:00,180
1022,357,AI6809,916,328,2026-09-16 3:00:00,2026-09-16 8:00:00,180
1023,43,AI1046,468,224,2026-01-03 7:00:00,2026-01-03 8:00:00,180
1024,273,AI6801,85,289,2026-04-05 8:00:00,2026-04-05 13:00:00,220
1025,496,AI708,779,421,2026-05-03 21:00:00,2026-05-04 0:00:00,300
1026,847,AI1538,55,739,2026-10-28 19:00:00,2026-10-28 23:00:00,250
1027,288,AI8877,537,851,2026-03-19 22:00:00,2026-03-20 1:00:00,300
1028,89,AI5822,831,675,2026-02-20 4:00:00,2026-02-20 8:00:00,180
1029,210,AI6582,907,958,2026-11-15 16:00:00,2026-11-15 17:00:00,300
1030,865,AI5686,498,418,2026-01-11 23:00:00,2026-01-12 2:00:00,180
1031,622,AI2622,990,310,2026-10-21 15:00:00,2026-10-21 18:00:00,180
1032,318,AI2290,544,883,2026-03-07 3:00:00,2026-03-07 4:00:00,220
1033,962,AI4070,695,617,2026-01-16 20:00:00,2026-01-16 22:00:00,220
1034,795,AI6803,287,2,2026-03-30 0:00:00,2026-03-30 2:00:00,300
1035,649,AI8366,103,991,2026-08-11 15:00:00,2026-08-11 16:00:00,250
1036,234,AI6578,115,24,2026-05-25 11:00:00,2026-05-25 12:00:00,220
1037,145,AI2981,686,103,2026-02-03 5:00:00,2026-02-03 6:00:00,180
1038,556,AI6645,767,445,2026-08-23 14:00:00,2026-08-23 18:00:00,300
1039,211,AI368,381,521,2026-04-12 12:00:00,2026-04-12 14:00:00,180
1040,986,AI4551,408,522,2026-01-29 20:00:00,2026-01-29 23:00:00,300
1041,265,AI9350,979,849,2026-08-21 4:00:00,2026-08-21 5:00:00,180
1042,695,AI9909,554,548,2026-07-04 13:00:00,2026-07-04 14:00:00,250
1043,449,AI7738,700,524,2026-09-25 0:00:00,2026-09-25 2:00:00,180
1044,344,AI4466,189,20,2026-07-23 19:00:00,2026-07-23 23:00:00,250
1045,312,AI5912,539,479,2026-09-20 11:00:00,2026-09-20 14:00:00,250
1046,355,AI4515,392,20,2026-07-13 0:00:00,2026-07-13 5:00:00,300
1047,844,AI185,451,959,2026-01-03 4:00:00,2026-01-03 7:00:00,220
1048,509,AI1692,849,736,2026-03-13 11:00:00,2026-03-13 16:00:00,300
1049,784,AI7974,288,629,2026-07-19 9:00:00,2026-07-19 10:00:00,250
1050,201,AI8124,596,465,2026-10-16 14:00:00,2026-10-16 19:00:00,180
1051,212,AI9522,714,549,2026-07-15 0:00:00,2026-07-15 3:00:00,300
1052,618,AI8872,862,166,2026-06-18 0:00:00,2026-06-18 4:00:00,180
1053,622,AI4686,749,813,2026-02-28 1:00:00,2026-02-28 3:00:00,180
1054,429,AI845,790,376,2026-03-08 17:00:00,2026-03-08 20:00:00,300
1055,667,AI9911,850,598,2026-02-04 4:00:00,2026-02-04 9:00:00,250
1056,490,AI1409,376,183,2026-11-15 9:00:00,2026-11-15 12:00:00,220
1057,108,AI5085,931,815,2026-08-25 18:00:00,2026-08-25 23:00:00,300
1058,6,AI5846,322,814,2026-04-18 11:00:00,2026-04-18 14:00:00,300
1059,52,AI596,982,496,2026-04-07 10:00:00,2026-04-07 11:00:00,180
1060,428,AI8621,837,168,2026-04-29 2:00:00,2026-04-29 6:00:00,180
1061,780,AI5968,737,43,2026-04-02 17:00:00,2026-04-02 21:00:00,300
1062,680,AI7538,842,277,2026-05-12 14:00:00,2026-05-12 19:00:00,250
1063,558,AI1158,938,265,2026-05-27 1:00:00,2026-05-27 5:00:00,300
1064,868,AI9021,775,557,2026-03-21 0:00:00,2026-03-21 5:00:00,180
1065,782,AI9424,241,739,2026-03-01 20:00:00,2026-03-02 1:00:00,300
1066,244,AI1360,133,295,2026-05-26 5:00:00,2026-05-26 9:00:00,300
1067,389,AI5289,178,754,2026-11-05 20:00:00,2026-11-05 21:00:00,300
1068,236,AI436,8,156,2026-06-21 1:00:00,2026-06-21 4:00:00,180
1069,995,AI4151,89,974,2026-07-06 6:00:00,2026-07-06 8:00:00,220
1070,178,AI8440,123,42,2026-08-04 5:00:00,2026-08-04 10:00:00,250
1071,441,AI8198,148,462,2026-03-03 9:00:00,2026-03-03 11:00:00,300
1072,985,AI1447,353,982,2026-09-10 22:00:00,2026-09-11 0:00:00,220
1073,549,AI273,345,199,2026-01-22 21:00:00,2026-01-23 2:00:00,180
1074,160,AI4817,718,465,2026-01-06 14:00:00,2026-01-06 16:00:00,180
1075,811,AI2933,572,520,2026-06-02 18:00:00,2026-06-02 23:00:00,220
1076,379,AI1086,980,664,2026-03-07 4:00:00,2026-03-07 5:00:00,180
1077,930,AI2956,809,997,2026-04-04 7:00:00,2026-04-04 9:00:00,250
1078,824,AI8746,880,808,2026-06-25 21:00:00,2026-06-25 23:00:00,300
1079,707,AI8630,959,925,2026-04-18 3:00:00,2026-04-18 6:00:00,250
1080,750,AI386,941,419,2026-06-10 11:00:00,2026-06-10 16:00:00,250
1081,76,AI9407,650,603,2026-05-04 16:00:00,2026-05-04 19:00:00,250
1082,180,AI9087,727,833,2026-05-27 19:00:00,2026-05-27 20:00:00,300
1083,363,AI6189,811,420,2026-03-29 6:00:00,2026-03-29 7:00:00,300
1084,669,AI5079,475,453,2026-09-12 6:00:00,2026-09-12 8:00:00,250
1085,523,AI358,130,788,2026-09-20 7:00:00,2026-09-20 11:00:00,300
1086,516,AI5887,355,220,2026-08-09 9:00:00,2026-08-09 10:00:00,300
1087,2,AI5218,237,472,2026-10-19 23:00:00,2026-10-20 4:00:00,180
1088,544,AI6910,319,420,2026-04-27 17:00:00,2026-04-27 22:00:00,220
1089,970,AI7420,239,470,2026-09-02 2:00:00,2026-09-02 6:00:00,250
1090,119,AI7592,92,897,2026-09-06 9:00:00,2026-09-06 12:00:00,180
1091,483,AI7358,177,855,2026-02-03 20:00:00,2026-02-03 23:00:00,220
1092,336,AI8187,219,261,2026-06-29 0:00:00,2026-06-29 3:00:00,180
1093,234,AI6592,385,785,2026-04-07 9:00:00,2026-04-07 13:00:00,180
1094,385,AI4111,602,595,2026-03-04 6:00:00,2026-03-04 10:00:00,250
1095,732,AI2716,946,418,2026-11-15 3:00:00,2026-11-15 6:00:00,250
1096,389,AI7929,914,641,2026-09-08 10:00:00,2026-09-08 14:00:00,300
1097,199,AI4622,427,277,2026-04-09 13:00:00,2026-04-09 17:00:00,220
1098,197,AI1556,325,222,2026-03-08 15:00:00,2026-03-08 17:00:00,300
1099,148,AI2566,893,426,2026-10-03 2:00:00,2026-10-03 5:00:00,220
1100,934,AI8272,86,194,2026-08-04 22:00:00,2026-08-04 23:00:00,220
1101,473,AI8309,927,785,2026-02-09 22:00:00,2026-02-09 23:00:00,180
1102,390,AI8397,230,968,2026-09-19 6:00:00,2026-09-19 11:00:00,220
1103,59,AI6838,395,452,2026-05-19 13:00:00,2026-05-19 17:00:00,180
1104,724,AI1063,774,319,2026-03-07 9:00:00,2026-03-07 12:00:00,250
1105,389,AI3576,616,482,2026-11-03 13:00:00,2026-11-03 16:00:00,250
1106,859,AI1517,952,272,2026-05-22 17:00:00,2026-05-22 20:00:00,180
1107,286,AI2756,826,558,2026-08-10 20:00:00,2026-08-10 23:00:00,180
1108,824,AI8850,867,532,2026-07-29 23:00:00,2026-07-30 3:00:00,220
1109,573,AI9907,800,462,2026-03-19 2:00:00,2026-03-19 7:00:00,220
1110,585,AI9346,419,116,2026-05-29 14:00:00,2026-05-29 19:00:00,180
1111,818,AI2346,904,634,2026-04-10 19:00:00,2026-04-10 20:00:00,300
1112,715,AI7836,203,849,2026-06-02 12:00:00,2026-06-02 13:00:00,300
1113,721,AI7413,868,413,2026-11-16 3:00:00,2026-11-16 7:00:00,180
1114,893,AI4886,304,944,2026-11-15 3:00:00,2026-11-15 7:00:00,300
1115,411,AI1255,911,794,2026-09-27 18:00:00,2026-09-27 21:00:00,300
1116,876,AI2937,765,542,2026-03-28 18:00:00,2026-03-28 19:00:00,180
1117,121,AI9691,612,386,2026-11-19 10:00:00,2026-11-19 12:00:00,250
1118,672,AI406,875,206,2026-07-31 5:00:00,2026-07-31 10:00:00,250
1119,422,AI5195,941,253,2026-11-20 2:00:00,2026-11-20 6:00:00,250
1120,371,AI8118,856,292,2026-02-06 0:00:00,2026-02-06 2:00:00,180
1121,242,AI5393,807,114,2026-08-14 13:00:00,2026-08-14 14:00:00,180
1122,68,AI1898,694,406,2026-05-04 12:00:00,2026-05-04 14:00:00,180
1123,280,AI6624,518,9,2026-10-12 4:00:00,2026-10-12 6:00:00,250
1124,957,AI9625,172,148,2026-05-14 18:00:00,2026-05-14 21:00:00,250
1125,628,AI5642,631,181,2026-10-28 19:00:00,2026-10-28 20:00:00,250
1126,430,AI5994,355,25,2026-05-25 14:00:00,2026-05-25 16:00:00,250
1127,109,AI9183,661,298,2026-02-26 14:00:00,2026-02-26 17:00:00,250
1128,935,AI1553,250,265,2026-07-20 2:00:00,2026-07-20 4:00:00,300
1129,149,AI8204,786,714,2026-08-23 4:00:00,2026-08-23 5:00:00,250
1130,147,AI1505,812,703,2026-11-11 7:00:00,2026-11-11 12:00:00,300
1131,489,AI8108,942,891,2026-04-08 9:00:00,2026-04-08 13:00:00,250
1132,839,AI6700,456,855,2026-03-25 17:00:00,2026-03-25 21:00:00,220
1133,207,AI1790,893,792,2026-11-13 21:00:00,2026-11-14 2:00:00,180
1134,635,AI544,629,361,2026-01-07 3:00:00,2026-01-07 6:00:00,300
1135,644,AI6692,951,108,2026-07-12 8:00:00,2026-07-12 12:00:00,300
1136,921,AI1241,486,461,2026-08-21 22:00:00,2026-08-22 2:00:00,300
1137,497,AI7566,354,522,2026-01-09 18:00:00,2026-01-09 23:00:00,180
1138,553,AI2729,650,905,2026-03-04 21:00:00,2026-03-05 2:00:00,220
1139,739,AI7082,898,981,2026-04-16 18:00:00,2026-04-16 19:00:00,220
1140,281,AI6885,861,366,2026-06-10 16:00:00,2026-06-10 20:00:00,220
1141,801,AI8119,318,36,2026-08-19 18:00:00,2026-08-19 21:00:00,180
1142,306,AI4162,50,388,2026-05-16 14:00:00,2026-05-16 15:00:00,220
1143,594,AI4649,413,708,2026-01-07 14:00:00,2026-01-07 19:00:00,180
1144,967,AI6530,692,73,2026-08-29 17:00:00,2026-08-29 22:00:00,180
1145,53,AI912,487,103,2026-11-10 12:00:00,2026-11-10 13:00:00,300
1146,878,AI550,176,170,2026-07-16 21:00:00,2026-07-17 1:00:00,220
1147,239,AI4649,735,934,2026-05-02 5:00:00,2026-05-02 10:00:00,250
1148,691,AI2334,938,621,2026-08-25 20:00:00,2026-08-26 0:00:00,180
1149,1000,AI3584,746,462,2026-05-18 20:00:00,2026-05-18 23:00:00,220
1150,530,AI4232,695,796,2026-08-07 18:00:00,2026-08-07 19:00:00,180
1151,375,AI9082,980,991,2026-02-06 7:00:00,2026-02-06 10:00:00,250
1152,380,AI4107,23,90,2026-07-26 10:00:00,2026-07-26 11:00:00,300
1153,353,AI3282,445,373,2026-10-30 18:00:00,2026-10-30 19:00:00,180
1154,898,AI6688,98,807,2026-06-29 13:00:00,2026-06-29 18:00:00,250
1155,424,AI598,621,891,2026-11-06 0:00:00,2026-11-06 3:00:00,300
1156,398,AI7512,850,567,2026-04-11 17:00:00,2026-04-11 22:00:00,300
1157,797,AI8355,558,921,2026-09-24 14:00:00,2026-09-24 18:00:00,250
1158,147,AI156,677,252,2026-04-15 22:00:00,2026-04-16 2:00:00,180
1159,590,AI6174,114,143,2026-07-30 2:00:00,2026-07-30 4:00:00,180
1160,345,AI8876,499,690,2026-04-13 11:00:00,2026-04-13 15:00:00,300
1161,833,AI1302,523,186,2026-03-29 22:00:00,2026-03-30 1:00:00,180
1162,280,AI5185,845,515,2026-11-28 1:00:00,2026-11-28 5:00:00,220
1163,93,AI1330,966,754,2026-09-07 6:00:00,2026-09-07 7:00:00,250
1164,308,AI3132,735,926,2026-03-16 9:00:00,2026-03-16 14:00:00,250
1165,863,AI184,22,496,2026-07-22 10:00:00,2026-07-22 14:00:00,300
1166,778,AI6169,854,191,2026-07-27 18:00:00,2026-07-27 23:00:00,300
1167,640,AI4058,306,650,2026-10-27 20:00:00,2026-10-27 22:00:00,250
1168,533,AI4292,251,210,2026-05-10 8:00:00,2026-05-10 11:00:00,250
1169,927,AI5496,984,374,2026-01-26 9:00:00,2026-01-26 14:00:00,180
1170,265,AI5398,714,314,2026-01-30 7:00:00,2026-01-30 9:00:00,300
1171,923,AI5610,340,888,2026-09-30 13:00:00,2026-09-30 17:00:00,220
1172,695,AI6483,404,200,2026-06-13 20:00:00,2026-06-14 0:00:00,180
1173,374,AI3938,755,87,2026-02-11 13:00:00,2026-02-11 14:00:00,300
1174,101,AI9890,95,488,2026-05-07 9:00:00,2026-05-07 11:00:00,180
1175,868,AI4414,824,297,2026-09-08 3:00:00,2026-09-08 6:00:00,220
1176,370,AI5074,88,398,2026-07-28 22:00:00,2026-07-29 3:00:00,220
1177,722,AI6363,636,213,2026-05-06 23:00:00,2026-05-07 4:00:00,300
1178,2,AI3582,852,245,2026-08-13 6:00:00,2026-08-13 10:00:00,220
1179,776,AI7945,294,651,2026-01-01 6:00:00,2026-01-01 11:00:00,180
1180,735,AI9030,831,257,2026-04-14 7:00:00,2026-04-14 11:00:00,220
1181,767,AI2061,498,477,2026-04-26 16:00:00,2026-04-26 19:00:00,300
1182,405,AI8961,415,244,2026-09-17 17:00:00,2026-09-17 19:00:00,180
1183,277,AI5767,482,997,2026-09-06 16:00:00,2026-09-06 21:00:00,180
1184,272,AI1079,281,543,2026-10-15 14:00:00,2026-10-15 18:00:00,300
1185,816,AI5097,534,905,2026-06-15 11:00:00,2026-06-15 15:00:00,250
1186,243,AI7201,953,145,2026-11-24 5:00:00,2026-11-24 7:00:00,300
1187,757,AI3958,40,107,2026-10-22 8:00:00,2026-10-22 11:00:00,180
1188,462,AI1496,108,937,2026-11-07 5:00:00,2026-11-07 8:00:00,300
1189,564,AI981,142,911,2026-01-25 0:00:00,2026-01-25 5:00:00,250
1190,329,AI5943,366,782,2026-09-18 8:00:00,2026-09-18 9:00:00,180
1191,610,AI2295,838,440,2026-05-26 1:00:00,2026-05-26 5:00:00,180
1192,323,AI2473,903,859,2026-06-10 5:00:00,2026-06-10 6:00:00,180
1193,910,AI7810,630,454,2026-11-20 7:00:00,2026-11-20 10:00:00,180
1194,540,AI7829,916,472,2026-09-16 22:00:00,2026-09-17 0:00:00,180
1195,193,AI8770,495,363,2026-07-26 0:00:00,2026-07-26 5:00:00,180
1196,851,AI4376,45,296,2026-01-26 8:00:00,2026-01-26 13:00:00,180
1197,146,AI9051,262,941,2026-11-07 1:00:00,2026-11-07 4:00:00,250
1198,959,AI2520,421,773,2026-11-20 20:00:00,2026-11-20 21:00:00,220
1199,328,AI5489,687,748,2026-04-03 7:00:00,2026-04-03 9:00:00,300
1200,496,AI8666,380,51,2026-06-18 6:00:00,2026-06-18 10:00:00,180
