Payment_ID,Booking_ID,Payment_Date,Amount,Payment_Method,Payment_Status
1,696,2026-03-12 0:00:00,22633.94,Credit Card,Success
2,890,2026-03-06 0:00:00,26497,Debit Card,Pending
3,907,2026-02-25 0:00:00,19358.14,UPI,Failed
4,181,2026-12-22 0:00:00,9094.15,Credit Card,Failed
5,476,2026-02-20 0:00:00,10106.67,UPI,Pending
6,483,2026-07-05 0:00:00,3172.86,Debit Card,Pending
7,480,2026-12-17 0:00:00,2559.63,Net Banking,Failed
8,709,2026-07-20 0:00:00,3645.46,UPI,Failed
9,505,2026-11-24 0:00:00,6063.97,Net Banking,Success
10,132,2026-04-25 0:00:00,12886.42,Net Banking,Success
11,1177,2026-05-31 0:00:00,24732.7,UPI,Success
12,957,2026-05-16 0:00:00,6709.34,UPI,Success
13,848,2026-07-10 0:00:00,19686.62,Net Banking,Success
14,25,2026-10-27 0:00:00,6044.13,Debit Card,Pending
15,1111,2026-02-18 0:00:00,15674.92,Debit Card,Success
16,553,2026-04-20 0:00:00,14510.52,Credit Card,Pending
17,488,2026-03-19 0:00:00,29889.86,Net Banking,Failed
18,802,2026-03-06 0:00:00,27998.2,Debit Card,Success
19,866,2026-06-25 0:00:00,15748.59,Net Banking,Success
20,796,2026-04-29 0:00:00,13256.02,Credit Card,Failed
21,1128,2026-10-18 0:00:00,27328.35,Credit Card,Success
22,380,2026-01-09 0:00:00,20649.42,Credit Card,Pending
23,406,2026-07-07 0:00:00,4282.46,Net Banking,Success
24,224,2026-10-13 0:00:00,27684.77,UPI,Success
25,1144,2026-10-02 0:00:00,10819.15,Net Banking,Success
26,204,2026-04-13 0:00:00,8394.29,UPI,Failed
27,1160,2026-12-27 0:00:00,29864.05,Credit Card,Failed
28,774,2026-09-25 0:00:00,18045.39,Net Banking,Pending
29,738,2026-12-29 0:00:00,22845.78,Debit Card,Failed
30,910,2026-10-23 0:00:00,8964.93,UPI,Failed
31,663,2026-08-16 0:00:00,25987.92,Credit Card,Failed
32,611,2026-12-15 0:00:00,17131.27,UPI,Failed
33,110,2026-10-16 0:00:00,10740.83,UPI,Failed
34,376,2026-06-11 0:00:00,21150.84,Credit Card,Success
35,157,2026-04-10 0:00:00,13778.84,Credit Card,Success
36,575,2026-11-23 0:00:00,14335.47,UPI,Failed
37,1006,2026-12-18 0:00:00,8064.95,Net Banking,Success
38,948,2026-03-29 0:00:00,17622.04,Net Banking,Failed
39,170,2026-02-27 0:00:00,3403.72,Credit Card,Failed
40,40,2026-07-29 0:00:00,17191.34,Credit Card,Failed
41,301,2026-09-01 0:00:00,22402.19,Net Banking,Pending
42,297,2026-03-20 0:00:00,28935.81,Net Banking,Failed
43,644,2026-01-30 0:00:00,14039.83,UPI,Pending
44,191,2026-02-12 0:00:00,22595.37,Credit Card,Failed
45,1068,2026-05-08 0:00:00,10820.62,UPI,Pending
46,245,2026-08-28 0:00:00,14228.6,UPI,Success
47,548,2026-02-24 0:00:00,18572.63,UPI,Failed
48,926,2026-05-21 0:00:00,3355.96,Credit Card,Pending
49,843,2026-12-10 0:00:00,23426.23,UPI,Success
50,678,2026-07-22 0:00:00,27643.08,UPI,Pending
51,445,2026-11-18 0:00:00,22004.03,Debit Card,Success
52,859,2026-08-19 0:00:00,19508.3,UPI,Failed
53,450,2026-10-13 0:00:00,9552.04,Debit Card,Failed
54,200,2026-10-09 0:00:00,16004.52,Credit Card,Failed
55,153,2026-06-05 0:00:00,18040.97,Net Banking,Failed
56,632,2026-08-08 0:00:00,9500.51,Credit Card,Failed
57,1165,2026-08-08 0:00:00,15185.33,UPI,Pending
58,522,2026-06-29 0:00:00,6747.01,UPI,Success
59,729,2026-01-28 0:00:00,4236.1,Net Banking,Pending
60,744,2026-12-28 0:00:00,25486.97,Debit Card,Failed
61,562,2026-09-13 0:00:00,9442.39,Credit Card,Success
62,1099,2026-08-09 0:00:00,26246.12,Credit Card,Failed
63,112,2026-04-16 0:00:00,26018.56,Debit Card,Pending
64,914,2026-09-01 0:00:00,29342.72,Credit Card,Pending
65,1031,2026-10-08 0:00:00,12781.18,Credit Card,Pending
66,227,2026-02-09 0:00:00,25158.34,Net Banking,Failed
67,982,2026-12-06 0:00:00,22750.09,Credit Card,Pending
68,1103,2026-06-30 0:00:00,9185.32,UPI,Success
69,1165,2026-03-02 0:00:00,7324.93,Net Banking,Success
70,694,2026-05-02 0:00:00,20640.36,Net Banking,Failed
71,687,2026-07-09 0:00:00,24213.62,Net Banking,Failed
72,1097,2026-03-07 0:00:00,4693.11,Net Banking,Pending
73,295,2026-03-02 0:00:00,13884.54,Credit Card,Pending
74,991,2026-09-20 0:00:00,19143,Net Banking,Failed
75,773,2026-07-07 0:00:00,6823.95,Credit Card,Failed
76,828,2026-06-13 0:00:00,20791.15,Debit Card,Pending
77,557,2026-01-03 0:00:00,4548.08,Debit Card,Failed
78,549,2026-05-31 0:00:00,26755.49,Debit Card,Failed
79,556,2026-10-03 0:00:00,12767.52,Credit Card,Success
80,547,2026-01-22 0:00:00,2587.9,Net Banking,Success
81,1126,2026-09-29 0:00:00,28503.14,UPI,Pending
82,224,2026-10-08 0:00:00,19776.5,Net Banking,Pending
83,420,2026-01-22 0:00:00,13132.74,Credit Card,Success
84,520,2026-05-01 0:00:00,12254.81,Credit Card,Failed
85,1088,2026-04-11 0:00:00,7179.21,UPI,Pending
86,535,2026-09-01 0:00:00,23685.39,Credit Card,Failed
87,971,2026-10-08 0:00:00,10173.36,UPI,Failed
88,517,2026-05-31 0:00:00,8538.64,Net Banking,Failed
89,947,2026-08-30 0:00:00,24166.78,Credit Card,Pending
90,1034,2026-03-05 0:00:00,22014.31,Credit Card,Success
91,130,2026-07-09 0:00:00,10650.95,UPI,Success
92,524,2026-10-05 0:00:00,9702.89,Debit Card,Success
93,1027,2026-12-21 0:00:00,24413.74,Debit Card,Success
94,502,2026-11-03 0:00:00,6078.92,UPI,Success
95,600,2026-12-21 0:00:00,29634.46,Credit Card,Success
96,112,2026-05-03 0:00:00,13822.41,UPI,Failed
97,1183,2026-01-31 0:00:00,12756.59,Credit Card,Success
98,264,2026-04-24 0:00:00,19775.59,Credit Card,Failed
99,828,2026-05-01 0:00:00,19737.54,Net Banking,Failed
100,815,2026-05-07 0:00:00,4908.41,UPI,Failed
101,599,2026-11-21 0:00:00,6868.12,Net Banking,Pending
102,281,2026-05-24 0:00:00,8945.33,Debit Card,Success
103,827,2026-05-05 0:00:00,24791.36,Debit Card,Pending
104,1106,2026-01-25 0:00:00,13840.8,Debit Card,Failed
105,235,2026-02-13 0:00:00,12577.49,UPI,Pending
106,501,2026-11-11 0:00:00,21009.62,Credit Card,Failed
107,124,2026-02-23 0:00:00,18135.85,Net Banking,Success
108,89,2026-08-12 0:00:00,24051.19,Net Banking,Pending
109,1023,2026-08-02 0:00:00,20444.77,Credit Card,Success
110,256,2026-01-26 0:00:00,21253.8,Credit Card,Pending
111,341,2026-08-06 0:00:00,4043.36,Credit Card,Failed
112,520,2026-02-23 0:00:00,16814.11,Credit Card,Failed
113,94,2026-04-29 0:00:00,13174.77,Credit Card,Failed
114,294,2026-05-28 0:00:00,12368.92,UPI,Success
115,322,2026-05-17 0:00:00,3533.43,Debit Card,Success
116,370,2026-06-29 0:00:00,24706.07,Debit Card,Success
117,103,2026-02-21 0:00:00,6322.01,Net Banking,Pending
118,780,2026-03-30 0:00:00,12050.89,Debit Card,Pending
119,535,2026-09-16 0:00:00,4453.1,Credit Card,Pending
120,275,2026-05-31 0:00:00,15681.3,Net Banking,Failed
121,1064,2026-02-16 0:00:00,19239.17,Credit Card,Pending
122,771,2026-02-07 0:00:00,2838.76,Credit Card,Failed
123,848,2026-12-25 0:00:00,25425.41,UPI,Pending
124,791,2026-12-20 0:00:00,6672.91,UPI,Pending
125,844,2026-09-16 0:00:00,23403.41,Net Banking,Success
126,1017,2026-11-08 0:00:00,10491.52,Debit Card,Success
127,640,2026-05-31 0:00:00,14260.99,Net Banking,Failed
128,124,2026-10-27 0:00:00,4279.76,Credit Card,Failed
129,873,2026-05-01 0:00:00,3919.73,Debit Card,Pending
130,484,2026-10-31 0:00:00,25466.46,Credit Card,Pending
131,51,2026-06-06 0:00:00,11075.04,Credit Card,Pending
132,271,2026-11-08 0:00:00,11645.55,Net Banking,Failed
133,737,2026-05-30 0:00:00,5702.36,UPI,Success
134,806,2026-02-15 0:00:00,13951.81,Debit Card,Success
135,370,2026-10-14 0:00:00,27877.51,UPI,Success
136,197,2026-07-30 0:00:00,26225.89,Credit Card,Pending
137,327,2026-05-20 0:00:00,14771.36,UPI,Success
138,982,2026-09-29 0:00:00,12394.88,Net Banking,Pending
139,470,2026-08-12 0:00:00,16221.27,Credit Card,Failed
140,700,2026-04-01 0:00:00,20589,Net Banking,Pending
141,593,2026-12-20 0:00:00,29799.44,UPI,Pending
142,1044,2026-02-17 0:00:00,21171.82,Debit Card,Success
143,847,2026-11-11 0:00:00,17425.69,UPI,Failed
144,161,2026-01-13 0:00:00,29074.71,Debit Card,Pending
145,1173,2026-06-27 0:00:00,29578.87,Net Banking,Failed
146,617,2026-08-07 0:00:00,18811.94,Net Banking,Failed
147,333,2026-09-20 0:00:00,22188.05,Debit Card,Pending
148,738,2026-08-24 0:00:00,6236.65,UPI,Failed
149,1133,2026-12-28 0:00:00,29285.12,UPI,Pending
150,331,2026-04-20 0:00:00,5162.05,Debit Card,Failed
151,861,2026-03-29 0:00:00,7212.72,UPI,Pending
152,8,2026-07-18 0:00:00,12681.4,UPI,Failed
153,367,2026-05-02 0:00:00,4554.67,Debit Card,Pending
154,938,2026-09-22 0:00:00,13312.02,UPI,Success
155,383,2026-03-22 0:00:00,25700.7,Net Banking,Failed
156,65,2026-04-20 0:00:00,24857.54,Debit Card,Pending
157,563,2026-11-20 0:00:00,23727.24,UPI,Success
158,721,2026-12-23 0:00:00,19159.64,Net Banking,Pending
159,998,2026-03-07 0:00:00,3836.12,Net Banking,Pending
160,95,2026-01-27 0:00:00,28648.17,Debit Card,Success
161,894,2026-11-19 0:00:00,29535.84,Debit Card,Pending
162,976,2026-03-03 0:00:00,17777.49,Credit Card,Failed
163,577,2026-04-19 0:00:00,28280.03,UPI,Success
164,915,2026-06-06 0:00:00,8763,UPI,Success
165,705,2026-05-11 0:00:00,7179.77,Debit Card,Failed
166,72,2026-06-17 0:00:00,13671.63,Credit Card,Failed
167,516,2026-03-14 0:00:00,5182.33,Credit Card,Failed
168,342,2026-02-24 0:00:00,4490.54,Credit Card,Success
169,737,2026-03-18 0:00:00,3288.47,Debit Card,Pending
170,326,2026-07-04 0:00:00,25703.23,Credit Card,Failed
171,34,2026-02-23 0:00:00,9989.84,UPI,Pending
172,394,2026-01-15 0:00:00,20454.93,Net Banking,Failed
173,858,2026-10-20 0:00:00,24748.13,Credit Card,Success
174,166,2026-10-15 0:00:00,4651.41,Debit Card,Pending
175,451,2026-05-09 0:00:00,3742.91,Debit Card,Failed
176,703,2026-12-08 0:00:00,10386.79,Debit Card,Success
177,1135,2026-11-25 0:00:00,24889.67,Credit Card,Failed
178,841,2026-04-02 0:00:00,4922.83,UPI,Pending
179,243,2026-08-12 0:00:00,14732.6,Debit Card,Pending
180,616,2026-06-01 0:00:00,20939.85,Debit Card,Success
181,717,2026-08-15 0:00:00,26879.25,UPI,Success
182,1037,2026-06-14 0:00:00,13285.03,Net Banking,Failed
183,639,2026-04-07 0:00:00,3328.9,UPI,Failed
184,968,2026-12-03 0:00:00,25535.01,UPI,Success
185,591,2026-07-05 0:00:00,23393.74,Net Banking,Failed
186,1139,2026-10-22 0:00:00,14820.02,Credit Card,Success
187,782,2026-01-07 0:00:00,25715.03,Net Banking,Failed
188,731,2026-08-25 0:00:00,7827.53,Debit Card,Success
189,269,2026-04-24 0:00:00,10848.83,Net Banking,Failed
190,1046,2026-10-28 0:00:00,8299.96,UPI,Success
191,99,2026-06-10 0:00:00,8999.04,Net Banking,Success
192,529,2026-09-10 0:00:00,17813.11,Debit Card,Failed
193,421,2026-10-24 0:00:00,19761.87,Net Banking,Pending
194,193,2026-04-28 0:00:00,18200.55,Debit Card,Success
195,778,2026-01-21 0:00:00,5825.24,Debit Card,Success
196,1136,2026-02-21 0:00:00,3797.97,UPI,Pending
197,898,2026-02-19 0:00:00,17634.4,Debit Card,Failed
198,1006,2026-09-10 0:00:00,18419.95,Net Banking,Failed
199,573,2026-05-27 0:00:00,4622.69,Debit Card,Success
200,963,2026-12-13 0:00:00,22860.3,Debit Card,Pending
201,748,2026-07-19 0:00:00,29100.41,Credit Card,Success
202,162,2026-07-10 0:00:00,19804.92,UPI,Failed
203,926,2026-10-04 0:00:00,6642.84,Credit Card,Failed
204,1098,2026-11-25 0:00:00,15429.71,Net Banking,Success
205,124,2026-12-16 0:00:00,29866.67,Net Banking,Failed
206,781,2026-11-24 0:00:00,22961.62,UPI,Pending
207,853,2026-11-29 0:00:00,3764.2,Net Banking,Failed
208,534,2026-12-25 0:00:00,15677.73,Debit Card,Failed
209,275,2026-01-17 0:00:00,6808.12,UPI,Pending
210,588,2026-05-12 0:00:00,24802.27,Credit Card,Failed
211,1141,2026-11-27 0:00:00,21780.78,Net Banking,Failed
212,652,2026-05-03 0:00:00,9778.97,UPI,Pending
213,331,2026-09-19 0:00:00,21605.91,Credit Card,Failed
214,1170,2026-09-10 0:00:00,22222.15,UPI,Pending
215,787,2026-02-11 0:00:00,15627.05,UPI,Failed
216,620,2026-06-03 0:00:00,3751.34,Credit Card,Pending
217,693,2026-02-23 0:00:00,15355.14,Credit Card,Failed
218,445,2026-12-23 0:00:00,28806.29,Credit Card,Pending
219,577,2026-10-06 0:00:00,5441.48,UPI,Success
220,1021,2026-09-21 0:00:00,3213.68,Net Banking,Success
221,913,2026-08-06 0:00:00,6836.35,Net Banking,Success
222,392,2026-04-15 0:00:00,7856.78,Debit Card,Success
223,273,2026-06-08 0:00:00,3294.31,Credit Card,Failed
224,681,2026-08-13 0:00:00,7964.1,Debit Card,Pending
225,229,2026-02-05 0:00:00,23416.12,Credit Card,Failed
226,861,2026-01-13 0:00:00,17802.87,Credit Card,Failed
227,66,2026-09-25 0:00:00,8752.04,UPI,Pending
228,913,2026-10-02 0:00:00,15229.9,Debit Card,Success
229,186,2026-01-07 0:00:00,15059.46,UPI,Success
230,1179,2026-07-28 0:00:00,14592.79,Net Banking,Success
231,175,2026-03-30 0:00:00,4593.76,UPI,Failed
232,125,2026-02-27 0:00:00,19049.64,Credit Card,Failed
233,321,2026-09-26 0:00:00,24497.37,Debit Card,Pending
234,619,2026-01-08 0:00:00,18865.71,Debit Card,Failed
235,720,2026-02-22 0:00:00,19595.08,Debit Card,Success
236,1161,2026-04-07 0:00:00,29099.99,Debit Card,Failed
237,1075,2026-03-18 0:00:00,25339.31,UPI,Pending
238,170,2026-12-04 0:00:00,10195.98,Credit Card,Success
239,513,2026-02-22 0:00:00,27821.91,Net Banking,Failed
240,1176,2026-12-11 0:00:00,15198.76,Net Banking,Success
241,808,2026-09-29 0:00:00,12288.78,Net Banking,Failed
242,477,2026-04-11 0:00:00,23488.46,Debit Card,Failed
243,621,2026-11-19 0:00:00,8979.31,Net Banking,Pending
244,789,2026-09-24 0:00:00,25744.06,UPI,Failed
245,758,2026-08-13 0:00:00,19929.35,Net Banking,Pending
246,583,2026-10-20 0:00:00,7857.74,Credit Card,Success
247,284,2026-02-21 0:00:00,25516.09,Credit Card,Success
248,397,2026-07-10 0:00:00,16298.28,Net Banking,Failed
249,744,2026-04-01 0:00:00,22703.33,UPI,Pending
250,283,2026-05-30 0:00:00,14958.48,Credit Card,Success
251,1000,2026-08-14 0:00:00,19342.98,Net Banking,Success
252,857,2026-11-28 0:00:00,5219.58,Net Banking,Success
253,796,2026-05-11 0:00:00,7727.53,Net Banking,Success
254,324,2026-06-04 0:00:00,27765.54,Debit Card,Pending
255,129,2026-07-12 0:00:00,18018.8,Debit Card,Pending
256,296,2026-02-21 0:00:00,22579.94,UPI,Failed
257,976,2026-10-03 0:00:00,20347.91,Net Banking,Success
258,984,2026-04-12 0:00:00,12746.43,UPI,Success
259,706,2026-09-06 0:00:00,28997.28,Net Banking,Pending
260,344,2026-09-08 0:00:00,21198.52,Credit Card,Success
261,1159,2026-05-20 0:00:00,23602.69,UPI,Failed
262,1174,2026-05-27 0:00:00,5791.06,Net Banking,Success
263,43,2026-08-21 0:00:00,16391.08,Net Banking,Failed
264,1053,2026-08-27 0:00:00,10450.22,Debit Card,Success
265,659,2026-09-02 0:00:00,17219.83,Credit Card,Pending
266,766,2026-11-21 0:00:00,29724.2,Net Banking,Pending
267,1056,2026-02-24 0:00:00,18744.04,Net Banking,Success
268,497,2026-01-02 0:00:00,14844.98,Debit Card,Success
269,947,2026-02-24 0:00:00,19269,Debit Card,Success
270,1025,2026-09-01 0:00:00,4688.41,Net Banking,Pending
271,1164,2026-05-23 0:00:00,26162.62,Credit Card,Success
272,292,2026-05-17 0:00:00,21541.02,UPI,Success
273,312,2026-05-25 0:00:00,3291.7,UPI,Success
274,202,2026-09-14 0:00:00,15370.54,UPI,Success
275,229,2026-01-12 0:00:00,15579.27,Net Banking,Pending
276,796,2026-10-27 0:00:00,24936.93,UPI,Pending
277,508,2026-04-11 0:00:00,4667.33,Credit Card,Success
278,202,2026-01-20 0:00:00,10589.04,Credit Card,Success
279,264,2026-06-08 0:00:00,9160.74,Debit Card,Success
280,1080,2026-08-13 0:00:00,25259.73,Net Banking,Failed
281,1062,2026-05-26 0:00:00,8051.83,Debit Card,Pending
282,1158,2026-02-13 0:00:00,14422.87,Debit Card,Failed
283,447,2026-05-12 0:00:00,17349.66,Net Banking,Pending
284,1156,2026-11-09 0:00:00,17487.36,Net Banking,Failed
285,1195,2026-10-20 0:00:00,27300.7,UPI,Failed
286,290,2026-08-15 0:00:00,21880.55,Debit Card,Failed
287,238,2026-11-23 0:00:00,24386.77,Net Banking,Success
288,929,2026-01-14 0:00:00,17599.12,UPI,Pending
289,473,2026-09-27 0:00:00,28803.8,Debit Card,Pending
290,728,2026-06-07 0:00:00,2716.69,Credit Card,Pending
291,963,2026-03-12 0:00:00,10171.67,Net Banking,Pending
292,154,2026-08-24 0:00:00,5354.74,Net Banking,Failed
293,751,2026-02-15 0:00:00,14473.46,Credit Card,Pending
294,83,2026-05-01 0:00:00,5389.03,Debit Card,Pending
295,266,2026-06-29 0:00:00,17579.31,Debit Card,Pending
296,136,2026-12-21 0:00:00,22667.1,Debit Card,Failed
297,1066,2026-06-18 0:00:00,4409.39,Credit Card,Success
298,196,2026-06-17 0:00:00,8428.51,Net Banking,Pending
299,452,2026-08-14 0:00:00,20552.8,Net Banking,Success
300,348,2026-07-28 0:00:00,10739.41,Debit Card,Pending
301,923,2026-10-17 0:00:00,20563.27,Credit Card,Success
302,21,2026-02-13 0:00:00,19113.05,Debit Card,Pending
303,1049,2026-02-17 0:00:00,17295.78,Net Banking,Success
304,448,2026-12-27 0:00:00,23723.34,Debit Card,Success
305,14,2026-02-10 0:00:00,23230.96,Credit Card,Failed
306,165,2026-10-31 0:00:00,20814.69,Debit Card,Failed
307,460,2026-01-10 0:00:00,3029.07,Credit Card,Failed
308,680,2026-11-01 0:00:00,6634.28,UPI,Pending
309,475,2026-06-07 0:00:00,16370.12,Net Banking,Failed
310,50,2026-10-02 0:00:00,17816.12,Net Banking,Failed
311,970,2026-07-05 0:00:00,17148.25,UPI,Failed
312,328,2026-02-24 0:00:00,3003.85,UPI,Failed
313,109,2026-08-02 0:00:00,11598.69,Debit Card,Success
314,262,2026-04-04 0:00:00,10750.92,Debit Card,Pending
315,79,2026-11-02 0:00:00,21784.12,Net Banking,Failed
316,804,2026-09-13 0:00:00,5266.01,UPI,Pending
317,245,2026-11-17 0:00:00,3326.06,UPI,Pending
318,1073,2026-03-31 0:00:00,4725.66,Credit Card,Failed
319,63,2026-02-12 0:00:00,3452.09,Net Banking,Pending
320,481,2026-02-19 0:00:00,11134.09,Credit Card,Failed
321,962,2026-05-26 0:00:00,20123.27,Debit Card,Pending
322,784,2026-10-01 0:00:00,4339.07,Net Banking,Failed
323,244,2026-06-15 0:00:00,9509.02,Credit Card,Failed
324,1157,2026-11-15 0:00:00,19885.11,Net Banking,Success
325,1097,2026-10-06 0:00:00,9587.77,Credit Card,Failed
326,467,2026-02-27 0:00:00,15709.06,Net Banking,Failed
327,942,2026-10-15 0:00:00,9955.49,Net Banking,Success
328,843,2026-05-04 0:00:00,7795.91,Debit Card,Failed
329,520,2026-08-02 0:00:00,28426.99,Net Banking,Pending
330,481,2026-09-07 0:00:00,20084.58,Debit Card,Success
331,584,2026-08-17 0:00:00,24606.78,Debit Card,Failed
332,746,2026-11-27 0:00:00,5898.47,Net Banking,Pending
333,919,2026-05-28 0:00:00,22925.25,Net Banking,Pending
334,20,2026-06-12 0:00:00,14013.46,Net Banking,Pending
335,369,2026-10-30 0:00:00,14769.12,Debit Card,Success
336,462,2026-01-08 0:00:00,21889.16,Credit Card,Pending
337,628,2026-09-18 0:00:00,26506.52,UPI,Failed
338,293,2026-03-23 0:00:00,5519.04,Debit Card,Pending
339,1182,2026-09-23 0:00:00,5051.52,Credit Card,Success
340,1034,2026-04-23 0:00:00,21334.74,Debit Card,Pending
341,627,2026-07-26 0:00:00,6110.56,Debit Card,Pending
342,900,2026-10-20 0:00:00,24233.33,Credit Card,Pending
343,139,2026-09-07 0:00:00,9199.17,Net Banking,Pending
344,696,2026-10-25 0:00:00,21674.02,Debit Card,Success
345,485,2026-12-27 0:00:00,9146.92,Credit Card,Failed
346,487,2026-06-16 0:00:00,23493.12,UPI,Success
347,999,2026-03-20 0:00:00,3205.27,Net Banking,Success
348,623,2026-12-03 0:00:00,22916.42,Debit Card,Success
349,354,2026-08-19 0:00:00,11079.96,Net Banking,Pending
350,1198,2026-05-19 0:00:00,10917.7,Credit Card,Pending
351,1071,2026-07-19 0:00:00,22318.77,UPI,Pending
352,450,2026-02-23 0:00:00,28211.39,UPI,Pending
353,587,2026-02-26 0:00:00,5127.16,UPI,Success
354,1047,2026-08-21 0:00:00,17293.78,Credit Card,Success
355,872,2026-11-21 0:00:00,3201.66,Net Banking,Success
356,951,2026-07-28 0:00:00,4995.8,Credit Card,Failed
357,635,2026-08-21 0:00:00,15853.06,Net Banking,Pending
358,410,2026-01-01 0:00:00,23993.28,Net Banking,Failed
359,224,2026-06-23 0:00:00,19484.57,Debit Card,Pending
360,900,2026-05-08 0:00:00,15755.09,Credit Card,Success
361,1032,2026-10-22 0:00:00,8571.32,Net Banking,Success
362,460,2026-01-17 0:00:00,27569.83,Debit Card,Success
363,780,2026-03-02 0:00:00,26826.32,Credit Card,Failed
364,842,2026-07-10 0:00:00,3981.96,UPI,Failed
365,547,2026-09-20 0:00:00,16701.83,Credit Card,Pending
366,830,2026-08-03 0:00:00,22654.26,Debit Card,Success
367,612,2026-05-30 0:00:00,12622.48,Debit Card,Failed
368,651,2026-01-09 0:00:00,17158.89,Credit Card,Failed
369,847,2026-08-04 0:00:00,6301.31,Net Banking,Failed
370,297,2026-08-29 0:00:00,14490.42,UPI,Success
371,277,2026-04-22 0:00:00,3337.65,Debit Card,Pending
372,785,2026-07-01 0:00:00,27908.6,Debit Card,Failed
373,920,2026-11-10 0:00:00,4041.6,Credit Card,Pending
374,8,2026-05-24 0:00:00,8292.85,UPI,Failed
375,217,2026-09-17 0:00:00,11486.29,Debit Card,Pending
376,446,2026-11-19 0:00:00,12909.78,Credit Card,Failed
377,385,2026-06-02 0:00:00,21018.34,Credit Card,Pending
378,139,2026-03-31 0:00:00,11673.03,Net Banking,Pending
379,654,2026-04-26 0:00:00,4709.15,Net Banking,Success
380,751,2026-02-18 0:00:00,21643.7,Credit Card,Failed
381,756,2026-11-28 0:00:00,7797.8,Net Banking,Failed
382,37,2026-08-31 0:00:00,9155.88,Debit Card,Success
383,515,2026-10-29 0:00:00,11879.54,UPI,Success
384,1148,2026-07-06 0:00:00,24729.16,Credit Card,Failed
385,520,2026-04-13 0:00:00,18992.45,Credit Card,Failed
386,160,2026-10-13 0:00:00,7357.61,Debit Card,Success
387,820,2026-08-14 0:00:00,25279.89,Net Banking,Failed
388,495,2026-04-11 0:00:00,26059.33,Credit Card,Failed
389,834,2026-04-28 0:00:00,24419.03,Debit Card,Failed
390,735,2026-09-16 0:00:00,14781.63,Credit Card,Pending
391,383,2026-10-14 0:00:00,6567.65,Net Banking,Success
392,292,2026-09-29 0:00:00,27167.17,UPI,Pending
393,1061,2026-05-20 0:00:00,28094.69,Net Banking,Failed
394,1035,2026-09-06 0:00:00,7076.26,Credit Card,Failed
395,1012,2026-10-10 0:00:00,16550.34,Net Banking,Pending
396,734,2026-02-05 0:00:00,5173.31,Credit Card,Success
397,442,2026-09-16 0:00:00,3011.63,UPI,Pending
398,385,2026-03-01 0:00:00,17379.47,Credit Card,Success
399,87,2026-12-04 0:00:00,28416.02,Net Banking,Success
400,1067,2026-03-16 0:00:00,29783.53,UPI,Pending
401,116,2026-04-03 0:00:00,6455.84,UPI,Success
402,184,2026-10-11 0:00:00,11865.13,Net Banking,Pending
403,957,2026-12-21 0:00:00,9135.99,UPI,Pending
404,1143,2026-06-14 0:00:00,8754.05,Debit Card,Pending
405,259,2026-09-24 0:00:00,20267.96,Net Banking,Pending
406,104,2026-08-07 0:00:00,6160.76,UPI,Failed
407,209,2026-07-01 0:00:00,21107.13,UPI,Pending
408,152,2026-08-22 0:00:00,10937.96,Credit Card,Success
409,688,2026-09-30 0:00:00,8572.94,UPI,Pending
410,660,2026-02-21 0:00:00,20438.02,UPI,Pending
411,556,2026-08-03 0:00:00,24939.98,Debit Card,Pending
412,47,2026-08-07 0:00:00,29687.03,Credit Card,Pending
413,1008,2026-03-08 0:00:00,2805.41,Debit Card,Pending
414,426,2026-02-17 0:00:00,18272.78,Net Banking,Failed
415,1057,2026-08-15 0:00:00,15023.19,UPI,Pending
416,975,2026-10-02 0:00:00,21504.7,Net Banking,Success
417,908,2026-05-07 0:00:00,10100.74,Credit Card,Success
418,224,2026-07-06 0:00:00,7123.54,Debit Card,Failed
419,865,2026-10-29 0:00:00,26650.19,Net Banking,Success
420,641,2026-10-22 0:00:00,10529.82,Debit Card,Pending
421,652,2026-12-25 0:00:00,28056.92,Credit Card,Pending
422,437,2026-12-22 0:00:00,18122.9,Net Banking,Success
423,995,2026-04-19 0:00:00,8490.51,Credit Card,Pending
424,974,2026-02-12 0:00:00,3291.79,Net Banking,Pending
425,974,2026-07-19 0:00:00,20959.97,UPI,Success
426,121,2026-07-24 0:00:00,16078.92,Credit Card,Failed
427,1063,2026-04-25 0:00:00,19772.08,Credit Card,Success
428,1149,2026-07-08 0:00:00,22555.9,Debit Card,Success
429,595,2026-11-07 0:00:00,15907.44,Credit Card,Failed
430,1134,2026-11-06 0:00:00,7597.7,Credit Card,Pending
431,830,2026-07-21 0:00:00,13452.77,Credit Card,Failed
432,1134,2026-06-06 0:00:00,25061.12,Credit Card,Pending
433,108,2026-04-18 0:00:00,20741.94,Net Banking,Pending
434,454,2026-01-25 0:00:00,13366.36,Credit Card,Failed
435,246,2026-12-25 0:00:00,12152.15,Debit Card,Pending
436,615,2026-04-20 0:00:00,16437.93,Net Banking,Pending
437,592,2026-07-14 0:00:00,15578.15,Net Banking,Pending
438,715,2026-01-14 0:00:00,22782.38,Credit Card,Success
439,28,2026-07-09 0:00:00,25018.13,Credit Card,Success
440,988,2026-05-08 0:00:00,17121.37,UPI,Failed
441,564,2026-07-31 0:00:00,18922.79,Net Banking,Pending
442,380,2026-08-06 0:00:00,25425.48,UPI,Pending
443,769,2026-11-22 0:00:00,22972.36,Credit Card,Failed
444,372,2026-05-01 0:00:00,20053.27,Net Banking,Pending
445,744,2026-04-01 0:00:00,24479.23,Debit Card,Pending
446,274,2026-11-24 0:00:00,8247.46,Credit Card,Failed
447,12,2026-05-11 0:00:00,16649.06,UPI,Success
448,427,2026-08-09 0:00:00,16108.07,Credit Card,Failed
449,875,2026-06-16 0:00:00,16253.4,Credit Card,Success
450,846,2026-05-05 0:00:00,4574.95,Credit Card,Failed
451,581,2026-12-08 0:00:00,7540.13,Credit Card,Pending
452,362,2026-11-30 0:00:00,13076.7,Net Banking,Success
453,220,2026-03-04 0:00:00,24912.59,Net Banking,Success
454,109,2026-07-22 0:00:00,2840.35,UPI,Pending
455,637,2026-01-02 0:00:00,3888.12,Net Banking,Failed
456,947,2026-01-22 0:00:00,15109.8,UPI,Success
457,1193,2026-12-18 0:00:00,18078.58,Net Banking,Failed
458,366,2026-09-28 0:00:00,22500.09,Credit Card,Failed
459,1061,2026-05-03 0:00:00,17663.55,Credit Card,Success
460,888,2026-11-03 0:00:00,15034.5,Debit Card,Success
461,89,2026-05-27 0:00:00,27967.77,Credit Card,Pending
462,719,2026-07-13 0:00:00,17432.71,Debit Card,Failed
463,162,2026-01-09 0:00:00,11046.63,UPI,Pending
464,1150,2026-07-21 0:00:00,25344.09,UPI,Pending
465,1102,2026-12-02 0:00:00,24926.23,Net Banking,Success
466,69,2026-07-02 0:00:00,26143.38,Credit Card,Success
467,387,2026-09-21 0:00:00,24098.56,Debit Card,Failed
468,139,2026-10-02 0:00:00,10761.47,Net Banking,Success
469,907,2026-09-30 0:00:00,22084.69,Credit Card,Success
470,581,2026-06-21 0:00:00,20298.54,UPI,Pending
471,495,2026-10-12 0:00:00,4168.88,Credit Card,Success
472,497,2026-12-25 0:00:00,20802.33,Net Banking,Failed
473,829,2026-02-12 0:00:00,16592.25,Net Banking,Success
474,118,2026-12-25 0:00:00,18769.68,Net Banking,Success
475,351,2026-03-28 0:00:00,19866.83,Net Banking,Pending
476,270,2026-08-18 0:00:00,26296.35,Credit Card,Pending
477,514,2026-01-11 0:00:00,4526.9,Credit Card,Failed
478,141,2026-12-25 0:00:00,7323.18,Debit Card,Failed
479,280,2026-02-18 0:00:00,4709.25,Credit Card,Success
480,117,2026-07-31 0:00:00,12490.7,UPI,Success
481,984,2026-04-15 0:00:00,7683.44,Credit Card,Failed
482,1089,2026-10-25 0:00:00,13115.23,Debit Card,Pending
483,389,2026-03-01 0:00:00,21228.87,UPI,Failed
484,817,2026-10-08 0:00:00,15119.8,UPI,Failed
485,1090,2026-12-09 0:00:00,5525.79,Credit Card,Failed
486,320,2026-05-26 0:00:00,3591.98,Net Banking,Success
487,582,2026-09-12 0:00:00,26249.08,Debit Card,Success
488,29,2026-08-28 0:00:00,10360.17,Debit Card,Success
489,756,2026-07-13 0:00:00,13199.05,Debit Card,Failed
490,400,2026-07-19 0:00:00,9327.61,Credit Card,Success
491,520,2026-01-28 0:00:00,18511.83,UPI,Failed
492,609,2026-12-23 0:00:00,13139.56,UPI,Success
493,126,2026-12-14 0:00:00,16540.17,Debit Card,Failed
494,198,2026-08-11 0:00:00,24858.91,Credit Card,Failed
495,469,2026-08-30 0:00:00,27590.87,UPI,Success
496,430,2026-05-05 0:00:00,10393.6,Debit Card,Success
497,1088,2026-01-16 0:00:00,18592.24,Debit Card,Failed
498,1075,2026-05-12 0:00:00,21679.55,Debit Card,Failed
499,1092,2026-05-16 0:00:00,6996.94,UPI,Failed
500,522,2026-01-26 0:00:00,16954.87,Credit Card,Success
501,84,2026-03-19 0:00:00,9453.6,Debit Card,Success
502,822,2026-05-09 0:00:00,4665.37,Debit Card,Success
503,457,2026-05-23 0:00:00,25968.98,Credit Card,Failed
504,334,2026-11-16 0:00:00,15071.04,Net Banking,Success
505,995,2026-05-04 0:00:00,10692.54,Net Banking,Failed
506,895,2026-10-03 0:00:00,25585,Credit Card,Success
507,512,2026-07-03 0:00:00,13271.15,Net Banking,Pending
508,157,2026-07-31 0:00:00,14600.51,Net Banking,Success
509,88,2026-09-24 0:00:00,15533.52,Net Banking,Failed
510,87,2026-10-31 0:00:00,22641.69,Debit Card,Pending
511,817,2026-02-28 0:00:00,28107.42,Credit Card,Success
512,761,2026-04-26 0:00:00,24350.65,Debit Card,Success
513,479,2026-06-05 0:00:00,20400.06,Net Banking,Success
514,967,2026-12-07 0:00:00,6126.23,Net Banking,Failed
515,558,2026-12-03 0:00:00,11617.02,Credit Card,Failed
516,173,2026-12-21 0:00:00,2625.6,UPI,Pending
517,1188,2027-01-01 0:00:00,17456.52,Credit Card,Failed
518,746,2026-04-02 0:00:00,8528.4,Credit Card,Failed
519,592,2026-02-14 0:00:00,19984.64,UPI,Failed
520,459,2026-01-25 0:00:00,9338.94,UPI,Failed
521,290,2026-01-28 0:00:00,22980.42,Credit Card,Failed
522,1184,2026-12-18 0:00:00,6744.54,Credit Card,Pending
523,16,2026-01-22 0:00:00,22126.06,Debit Card,Success
524,221,2026-07-20 0:00:00,4851.88,Net Banking,Success
525,834,2026-11-20 0:00:00,23153.35,Credit Card,Failed
526,973,2026-05-16 0:00:00,24276.47,Credit Card,Success
527,501,2026-12-23 0:00:00,28869.87,Credit Card,Success
528,767,2026-11-21 0:00:00,7531.42,Credit Card,Failed
529,634,2026-08-23 0:00:00,8385.35,Net Banking,Success
530,110,2026-03-13 0:00:00,14911.28,Credit Card,Failed
531,286,2026-10-25 0:00:00,8694.03,Net Banking,Pending
532,1194,2026-04-19 0:00:00,16392.89,Debit Card,Failed
533,493,2026-03-17 0:00:00,20567.05,Debit Card,Success
534,193,2026-12-01 0:00:00,19786.29,UPI,Pending
535,79,2026-05-06 0:00:00,18161.47,Debit Card,Pending
536,20,2026-01-22 0:00:00,24791.91,UPI,Failed
537,937,2026-06-04 0:00:00,19814,Net Banking,Success
538,646,2026-01-01 0:00:00,28925.36,Debit Card,Failed
539,1163,2026-12-29 0:00:00,8462.63,UPI,Pending
540,487,2026-08-26 0:00:00,2847.01,UPI,Success
541,352,2026-02-24 0:00:00,16926.44,Net Banking,Failed
542,641,2026-06-10 0:00:00,4836.07,Debit Card,Failed
543,1019,2026-12-24 0:00:00,14221.41,Net Banking,Pending
544,91,2026-03-28 0:00:00,3858.55,Debit Card,Failed
545,959,2026-10-13 0:00:00,22735.9,Credit Card,Success
546,384,2026-08-08 0:00:00,15345.07,Debit Card,Pending
547,400,2026-12-01 0:00:00,24706.58,Debit Card,Failed
548,212,2026-05-01 0:00:00,8760.22,UPI,Pending
549,707,2026-07-20 0:00:00,7728.11,Credit Card,Success
550,137,2026-07-29 0:00:00,17065.1,Debit Card,Failed
551,5,2026-09-09 0:00:00,11682.12,Net Banking,Success
552,61,2026-04-29 0:00:00,6930.53,Credit Card,Pending
553,1119,2026-02-09 0:00:00,17968.58,Debit Card,Success
554,340,2026-03-13 0:00:00,16282.77,UPI,Failed
555,397,2026-06-09 0:00:00,19606.27,UPI,Pending
556,95,2026-02-01 0:00:00,21262.63,Debit Card,Pending
557,575,2026-05-25 0:00:00,21781.46,Credit Card,Failed
558,570,2026-09-14 0:00:00,5354.37,Net Banking,Success
559,789,2026-02-09 0:00:00,5165.04,Credit Card,Failed
560,235,2026-07-16 0:00:00,12063.81,Credit Card,Success
561,262,2026-07-30 0:00:00,19297.25,Net Banking,Success
562,70,2026-10-19 0:00:00,19764.95,Credit Card,Failed
563,113,2026-05-31 0:00:00,12944.7,Credit Card,Pending
564,416,2026-07-22 0:00:00,3962.11,Credit Card,Failed
565,120,2026-02-21 0:00:00,12450.13,Debit Card,Pending
566,170,2026-05-24 0:00:00,13720.45,Net Banking,Pending
567,18,2026-08-01 0:00:00,27634.29,UPI,Success
568,1005,2026-07-12 0:00:00,14905.05,Credit Card,Failed
569,344,2026-09-15 0:00:00,9411.08,Debit Card,Success
570,1191,2026-05-18 0:00:00,17675.45,Net Banking,Pending
571,608,2026-10-15 0:00:00,27694.8,Net Banking,Success
572,849,2026-09-14 0:00:00,6992.29,Debit Card,Failed
573,1195,2026-11-23 0:00:00,17157.27,Credit Card,Success
574,896,2026-07-10 0:00:00,25135.81,Net Banking,Pending
575,464,2026-07-11 0:00:00,23652.06,Debit Card,Failed
576,444,2026-06-18 0:00:00,27448.41,Credit Card,Success
577,124,2026-02-24 0:00:00,8759.76,Credit Card,Pending
578,490,2026-04-06 0:00:00,16781.11,Net Banking,Pending
579,889,2026-12-05 0:00:00,3721.05,Net Banking,Failed
580,1053,2026-09-09 0:00:00,25994.46,Credit Card,Success
581,283,2026-09-28 0:00:00,14310.8,Net Banking,Failed
582,44,2026-12-10 0:00:00,18689.55,UPI,Failed
583,678,2026-09-26 0:00:00,27226.48,UPI,Failed
584,284,2026-02-08 0:00:00,18977.63,Debit Card,Success
585,93,2026-01-30 0:00:00,16596.94,Debit Card,Success
586,371,2026-08-18 0:00:00,7229.9,UPI,Success
587,108,2026-03-14 0:00:00,13122.77,Credit Card,Pending
588,927,2026-01-25 0:00:00,13851.08,Credit Card,Success
589,5,2026-04-07 0:00:00,29099.97,UPI,Pending
590,733,2026-08-13 0:00:00,21705.81,UPI,Success
591,939,2026-09-12 0:00:00,8960.84,Net Banking,Failed
592,295,2026-06-22 0:00:00,23332,UPI,Success
593,791,2026-12-11 0:00:00,16423.27,Net Banking,Pending
594,527,2026-12-23 0:00:00,29211.98,Net Banking,Success
595,1182,2026-10-26 0:00:00,21176.29,Net Banking,Pending
596,1032,2026-05-28 0:00:00,28907.1,UPI,Success
597,746,2026-09-04 0:00:00,5690.84,UPI,Pending
598,373,2026-10-13 0:00:00,10278.64,Debit Card,Pending
599,655,2026-01-17 0:00:00,5255.95,Net Banking,Pending
600,968,2026-09-21 0:00:00,12431.57,UPI,Pending
601,1002,2026-10-23 0:00:00,13267.79,Net Banking,Failed
602,127,2026-05-21 0:00:00,23062.17,Debit Card,Pending
603,375,2026-01-30 0:00:00,23730.54,Net Banking,Success
604,273,2026-09-20 0:00:00,17641.71,Debit Card,Failed
605,1113,2026-04-24 0:00:00,6201.68,Net Banking,Failed
606,392,2026-12-04 0:00:00,15570.33,Debit Card,Failed
607,47,2026-05-03 0:00:00,17483.2,Net Banking,Failed
608,952,2026-05-12 0:00:00,28953.54,Net Banking,Pending
609,657,2026-07-13 0:00:00,18724.92,Net Banking,Success
610,899,2026-10-15 0:00:00,10010.89,Net Banking,Success
611,155,2026-08-23 0:00:00,11804.01,Net Banking,Pending
612,365,2026-05-16 0:00:00,10264.79,UPI,Failed
613,569,2026-04-20 0:00:00,23446.08,Debit Card,Failed
614,711,2026-03-01 0:00:00,22996.1,Credit Card,Pending
615,657,2026-02-01 0:00:00,17649.78,Debit Card,Success
616,230,2026-08-20 0:00:00,4341.79,Debit Card,Failed
617,189,2026-12-11 0:00:00,4389.25,Credit Card,Pending
618,93,2026-03-20 0:00:00,25413.13,UPI,Pending
619,454,2026-03-24 0:00:00,25655.91,Net Banking,Pending
620,440,2026-12-18 0:00:00,19366.37,Net Banking,Success
621,4,2026-10-06 0:00:00,14829.72,Credit Card,Success
622,549,2026-09-08 0:00:00,18628.15,UPI,Pending
623,278,2026-04-26 0:00:00,29290.68,Net Banking,Pending
624,904,2026-08-15 0:00:00,23082.03,Net Banking,Failed
625,26,2026-03-27 0:00:00,26745.39,Credit Card,Success
626,55,2026-08-28 0:00:00,3977.06,Debit Card,Failed
627,735,2026-11-26 0:00:00,17574.22,Credit Card,Failed
628,175,2026-10-30 0:00:00,25651.74,Debit Card,Pending
629,125,2026-08-18 0:00:00,23324.29,Credit Card,Pending
630,809,2026-04-27 0:00:00,3321.73,Net Banking,Success
631,203,2026-08-07 0:00:00,18509.18,Net Banking,Pending
632,474,2026-02-28 0:00:00,14411.38,UPI,Failed
633,1105,2026-10-22 0:00:00,16181.22,Debit Card,Success
634,97,2026-08-01 0:00:00,21114.76,Debit Card,Success
635,556,2026-07-08 0:00:00,13936.96,Credit Card,Pending
636,606,2026-10-25 0:00:00,29663.09,Credit Card,Success
637,663,2026-12-12 0:00:00,21268.15,UPI,Failed
638,888,2026-12-23 0:00:00,22715.97,UPI,Failed
639,851,2026-02-10 0:00:00,4089.42,Net Banking,Pending
640,317,2026-09-04 0:00:00,28767.38,Net Banking,Pending
641,77,2026-11-28 0:00:00,3062.78,UPI,Success
642,888,2026-07-27 0:00:00,25460.39,UPI,Failed
643,1119,2026-06-27 0:00:00,7981.56,Debit Card,Success
644,1060,2026-09-07 0:00:00,8848.83,Net Banking,Success
645,233,2026-02-22 0:00:00,8259.77,Net Banking,Success
646,354,2026-10-26 0:00:00,26991.79,Net Banking,Failed
647,1179,2026-09-01 0:00:00,12489.91,Debit Card,Success
648,707,2026-05-23 0:00:00,21513.8,Credit Card,Failed
649,395,2026-11-18 0:00:00,10426.31,Credit Card,Success
650,727,2026-10-13 0:00:00,28485.37,Credit Card,Failed
651,341,2026-04-17 0:00:00,7537.24,Net Banking,Pending
652,273,2026-10-24 0:00:00,29157.09,Net Banking,Success
653,756,2026-12-29 0:00:00,3592.97,Credit Card,Success
654,296,2026-03-19 0:00:00,11609.95,Credit Card,Failed
655,462,2026-03-16 0:00:00,25494.24,UPI,Pending
656,835,2026-03-14 0:00:00,13256.9,UPI,Success
657,556,2026-08-19 0:00:00,9254.45,Credit Card,Success
658,1200,2026-10-09 0:00:00,26359.05,UPI,Pending
659,299,2026-11-23 0:00:00,24961.59,Net Banking,Failed
660,1159,2026-08-12 0:00:00,27231.55,Net Banking,Failed
661,487,2026-06-27 0:00:00,6951.86,Net Banking,Pending
662,164,2026-05-07 0:00:00,23986.36,Debit Card,Success
663,365,2026-02-21 0:00:00,9807.21,Credit Card,Failed
664,885,2026-06-18 0:00:00,28725.88,Credit Card,Failed
665,763,2026-03-04 0:00:00,10599.67,Credit Card,Failed
666,522,2026-03-16 0:00:00,27352.61,UPI,Success
667,1136,2026-04-30 0:00:00,19845.68,Credit Card,Pending
668,424,2026-09-14 0:00:00,10828.21,Debit Card,Failed
669,983,2026-01-17 0:00:00,25913.95,UPI,Failed
670,186,2026-09-16 0:00:00,26672.5,UPI,Pending
671,611,2026-12-08 0:00:00,15312.01,Credit Card,Pending
672,769,2026-10-09 0:00:00,27664.17,Credit Card,Failed
673,953,2026-12-02 0:00:00,20591.8,UPI,Failed
674,1147,2026-11-23 0:00:00,13339.2,Credit Card,Success
675,768,2026-12-11 0:00:00,19782.54,Net Banking,Success
676,1058,2026-06-23 0:00:00,7322.13,UPI,Pending
677,343,2026-07-27 0:00:00,20681.26,Credit Card,Pending
678,801,2026-04-21 0:00:00,11670.08,UPI,Success
679,491,2026-07-31 0:00:00,25320.6,Credit Card,Pending
680,621,2026-11-05 0:00:00,11103.22,Debit Card,Failed
681,302,2026-06-17 0:00:00,11806.21,Debit Card,Failed
682,128,2026-11-09 0:00:00,11297.97,UPI,Failed
683,228,2026-09-20 0:00:00,3878.27,Net Banking,Failed
684,155,2026-02-10 0:00:00,12591.38,Debit Card,Success
685,486,2026-05-27 0:00:00,6799.98,Net Banking,Failed
686,331,2026-06-27 0:00:00,14162.29,UPI,Failed
687,916,2026-11-17 0:00:00,17091.72,UPI,Success
688,581,2026-11-27 0:00:00,19189.62,Credit Card,Success
689,411,2026-03-11 0:00:00,4319.31,Credit Card,Failed
690,907,2026-03-01 0:00:00,19715.28,Debit Card,Success
691,1110,2026-02-06 0:00:00,20477.11,Debit Card,Failed
692,593,2026-09-20 0:00:00,12039.59,UPI,Success
693,1101,2026-10-05 0:00:00,9489.71,Debit Card,Failed
694,1105,2026-07-04 0:00:00,24482.49,UPI,Failed
695,400,2026-11-21 0:00:00,18758.6,Debit Card,Success
696,510,2026-05-21 0:00:00,27652.71,Net Banking,Success
697,972,2026-06-11 0:00:00,20112.92,Debit Card,Failed
698,189,2026-06-01 0:00:00,14731.32,Debit Card,Pending
699,625,2026-10-31 0:00:00,16228.74,Credit Card,Success
700,353,2026-09-23 0:00:00,13578.36,Net Banking,Success
701,644,2026-09-03 0:00:00,22129.34,Net Banking,Success
702,1104,2026-10-04 0:00:00,13317.7,Credit Card,Pending
703,1061,2026-07-17 0:00:00,18115.08,Credit Card,Pending
704,802,2026-08-05 0:00:00,26700.68,UPI,Success
705,1045,2026-09-19 0:00:00,27845.58,Debit Card,Pending
706,440,2026-11-11 0:00:00,8557.42,UPI,Failed
707,522,2026-01-14 0:00:00,22601.86,UPI,Success
708,492,2026-05-13 0:00:00,26941.88,Debit Card,Pending
709,1129,2026-07-14 0:00:00,3455.28,UPI,Pending
710,606,2026-03-12 0:00:00,18246.52,Debit Card,Success
711,779,2026-03-03 0:00:00,15964.35,Credit Card,Success
712,435,2026-07-18 0:00:00,4945.33,Net Banking,Success
713,692,2026-01-14 0:00:00,12807.82,UPI,Failed
714,202,2026-03-05 0:00:00,20220.92,UPI,Success
715,635,2026-09-03 0:00:00,9745.03,UPI,Failed
716,975,2026-04-30 0:00:00,10492.41,Debit Card,Pending
717,472,2026-08-04 0:00:00,29462.84,Credit Card,Pending
718,232,2026-05-04 0:00:00,17813.41,Credit Card,Success
719,1084,2026-12-01 0:00:00,13317.58,Credit Card,Pending
720,782,2026-01-26 0:00:00,26714.92,UPI,Success
721,823,2026-07-15 0:00:00,12039.29,Credit Card,Pending
722,1163,2026-07-06 0:00:00,7246.28,Net Banking,Failed
723,72,2026-06-10 0:00:00,8436.06,UPI,Failed
724,382,2026-04-17 0:00:00,4252.51,Credit Card,Success
725,462,2026-10-15 0:00:00,9056.87,Credit Card,Pending
726,542,2026-09-12 0:00:00,9301.4,Credit Card,Success
727,489,2026-03-05 0:00:00,23423.51,Net Banking,Pending
728,340,2026-12-09 0:00:00,12403.13,Credit Card,Failed
729,382,2026-03-31 0:00:00,14218.88,Credit Card,Failed
730,343,2026-08-16 0:00:00,28800.96,Credit Card,Pending
731,697,2026-09-04 0:00:00,20083.95,UPI,Pending
732,940,2026-05-01 0:00:00,6445.07,Credit Card,Failed
733,1145,2026-10-17 0:00:00,12752.13,Debit Card,Failed
734,440,2026-10-29 0:00:00,18012.27,Debit Card,Pending
735,605,2026-08-09 0:00:00,26972.29,Net Banking,Failed
736,1024,2026-07-05 0:00:00,19423.43,UPI,Failed
737,7,2026-03-22 0:00:00,12313.74,UPI,Failed
738,20,2026-06-28 0:00:00,21794.09,Debit Card,Pending
739,854,2026-09-14 0:00:00,4654.18,Credit Card,Pending
740,730,2026-09-18 0:00:00,8351.34,UPI,Success
741,229,2026-02-25 0:00:00,12096.06,Net Banking,Failed
742,797,2026-09-15 0:00:00,2540.94,Debit Card,Pending
743,522,2026-06-23 0:00:00,17423.97,Net Banking,Pending
744,1121,2026-05-18 0:00:00,27443.18,Debit Card,Success
745,671,2026-12-05 0:00:00,11792.95,Credit Card,Failed
746,901,2026-05-25 0:00:00,29167.84,UPI,Success
747,494,2026-07-28 0:00:00,17727.08,Debit Card,Failed
748,536,2026-05-22 0:00:00,7511.57,Net Banking,Success
749,846,2026-10-29 0:00:00,10132.9,Debit Card,Failed
750,1163,2026-12-26 0:00:00,12961.94,UPI,Pending
751,251,2026-03-02 0:00:00,4914.02,UPI,Success
752,248,2026-10-15 0:00:00,3261.8,Net Banking,Pending
753,41,2026-05-20 0:00:00,16488.94,Credit Card,Success
754,564,2026-01-29 0:00:00,13791.83,UPI,Pending
755,565,2026-08-14 0:00:00,13641.67,UPI,Pending
756,465,2026-08-30 0:00:00,5898.86,Net Banking,Pending
757,214,2026-04-23 0:00:00,19793.87,Net Banking,Success
758,1053,2026-04-20 0:00:00,24845.78,Debit Card,Failed
759,332,2026-07-27 0:00:00,12316.2,UPI,Success
760,215,2026-09-25 0:00:00,13168.55,UPI,Failed
761,165,2026-12-20 0:00:00,23068.43,Net Banking,Success
762,857,2026-11-27 0:00:00,3602.72,Net Banking,Failed
763,865,2026-06-07 0:00:00,12197.17,UPI,Success
764,410,2026-01-28 0:00:00,17052.27,UPI,Success
765,780,2026-01-16 0:00:00,15169.72,Net Banking,Pending
766,397,2026-04-06 0:00:00,24309.5,Credit Card,Success
767,744,2026-01-19 0:00:00,25926.93,Net Banking,Success
768,576,2026-11-30 0:00:00,22795.34,UPI,Success
769,210,2026-09-01 0:00:00,21706.23,Net Banking,Success
770,173,2026-10-07 0:00:00,15690.06,Debit Card,Pending
771,834,2026-09-29 0:00:00,20958.96,Credit Card,Success
772,144,2026-05-14 0:00:00,13928.54,Credit Card,Success
773,598,2026-05-23 0:00:00,6654.48,UPI,Failed
774,918,2026-11-09 0:00:00,20305.78,Credit Card,Pending
775,948,2026-08-08 0:00:00,12359.48,Credit Card,Pending
776,5,2026-02-22 0:00:00,14018.88,Debit Card,Failed
777,1180,2026-10-04 0:00:00,23814.24,UPI,Failed
778,493,2026-09-14 0:00:00,9624.19,UPI,Pending
779,1175,2026-01-17 0:00:00,19308.12,Credit Card,Pending
780,222,2026-01-06 0:00:00,23585.44,UPI,Pending
781,622,2026-08-29 0:00:00,26317.16,Net Banking,Success
782,329,2026-01-28 0:00:00,22527.54,Credit Card,Success
783,872,2026-10-10 0:00:00,8779.93,Net Banking,Pending
784,816,2026-04-16 0:00:00,27014.12,Net Banking,Failed
785,849,2026-06-09 0:00:00,6094.87,Debit Card,Pending
786,313,2026-03-19 0:00:00,9023.07,Credit Card,Pending
787,1127,2026-10-17 0:00:00,25605.56,UPI,Failed
788,122,2026-01-30 0:00:00,23588.43,Debit Card,Pending
789,1133,2026-08-31 0:00:00,15186.13,Net Banking,Pending
790,985,2026-02-17 0:00:00,7846.48,Credit Card,Failed
791,803,2026-12-28 0:00:00,10371.49,Credit Card,Failed
792,9,2026-06-05 0:00:00,11692.16,UPI,Success
793,1197,2026-10-05 0:00:00,3346.62,Credit Card,Failed
794,755,2026-11-28 0:00:00,4332.83,UPI,Success
795,291,2026-07-29 0:00:00,2722.28,Net Banking,Pending
796,478,2026-07-20 0:00:00,3479.15,Net Banking,Success
797,123,2026-10-04 0:00:00,23236.33,Credit Card,Pending
798,733,2026-05-11 0:00:00,19121.83,Credit Card,Success
799,864,2026-03-19 0:00:00,4356.1,UPI,Pending
800,192,2026-04-15 0:00:00,19334.63,Net Banking,Failed
801,1182,2026-06-13 0:00:00,2656.72,UPI,Pending
802,332,2026-07-27 0:00:00,5142.78,Credit Card,Pending
803,305,2026-09-19 0:00:00,14542.48,Net Banking,Pending
804,327,2026-04-18 0:00:00,14482.45,Debit Card,Failed
805,895,2026-10-03 0:00:00,14950.55,Debit Card,Success
806,925,2026-09-30 0:00:00,10044.62,Credit Card,Failed
807,845,2026-01-26 0:00:00,11243.05,UPI,Pending
808,982,2026-09-19 0:00:00,15970.55,Credit Card,Pending
809,690,2026-12-16 0:00:00,18284.05,Credit Card,Success
810,1010,2026-11-18 0:00:00,11594.77,UPI,Success
811,471,2026-05-18 0:00:00,2643.49,Debit Card,Pending
812,595,2026-01-28 0:00:00,5061.84,UPI,Pending
813,219,2026-03-19 0:00:00,28532.37,UPI,Success
814,586,2026-08-11 0:00:00,19726.12,UPI,Failed
815,786,2026-03-12 0:00:00,17965.89,UPI,Pending
816,149,2026-08-26 0:00:00,15417.65,Credit Card,Failed
817,103,2026-02-19 0:00:00,13453.51,UPI,Pending
818,451,2026-06-24 0:00:00,19875.21,UPI,Failed
819,789,2026-03-27 0:00:00,23992.98,UPI,Pending
820,448,2026-05-08 0:00:00,21184.42,Net Banking,Failed
821,934,2026-07-16 0:00:00,7337.4,UPI,Pending
822,318,2026-02-17 0:00:00,18567.55,Net Banking,Success
823,912,2026-03-13 0:00:00,3979.58,Debit Card,Success
824,872,2026-12-11 0:00:00,22772.31,Debit Card,Pending
825,1094,2026-05-03 0:00:00,3571.72,Debit Card,Pending
826,705,2026-01-06 0:00:00,7395.25,Debit Card,Success
827,84,2026-11-13 0:00:00,22859.87,Net Banking,Failed
828,755,2026-07-13 0:00:00,13356.09,UPI,Pending
829,85,2026-08-20 0:00:00,19393.98,UPI,Failed
830,1061,2026-06-14 0:00:00,28539.72,Credit Card,Failed
831,75,2026-05-04 0:00:00,12319.16,UPI,Pending
832,824,2026-08-14 0:00:00,19045.34,Credit Card,Failed
833,626,2026-10-01 0:00:00,17739.97,Net Banking,Pending
834,1057,2026-05-17 0:00:00,14450.81,UPI,Success
835,410,2026-09-12 0:00:00,13870.92,Credit Card,Success
836,412,2026-07-05 0:00:00,16129.96,Net Banking,Failed
837,415,2026-01-05 0:00:00,7298.46,Debit Card,Pending
838,849,2026-08-09 0:00:00,17162.24,Credit Card,Failed
839,1069,2026-04-29 0:00:00,7145.16,Net Banking,Pending
840,916,2026-05-16 0:00:00,4679.14,Net Banking,Failed
841,811,2026-02-27 0:00:00,23688.75,Credit Card,Pending
842,313,2026-06-01 0:00:00,9154.41,Net Banking,Success
843,307,2026-09-04 0:00:00,23135.87,UPI,Pending
844,1028,2026-01-28 0:00:00,13901.92,Net Banking,Failed
845,1016,2026-05-12 0:00:00,6755.9,Net Banking,Failed
846,756,2026-02-05 0:00:00,7465.64,Debit Card,Pending
847,34,2026-12-17 0:00:00,21448.44,Debit Card,Pending
848,530,2026-05-22 0:00:00,6299.4,Debit Card,Pending
849,61,2026-04-20 0:00:00,13194.39,Debit Card,Failed
850,509,2026-09-14 0:00:00,27727.66,UPI,Pending
851,845,2026-02-19 0:00:00,18509.33,Credit Card,Failed
852,817,2026-06-02 0:00:00,27010.45,Credit Card,Failed
853,270,2026-05-05 0:00:00,8300.59,UPI,Failed
854,336,2026-02-14 0:00:00,28858.14,UPI,Failed
855,271,2026-01-28 0:00:00,22873.07,Debit Card,Success
856,682,2026-09-22 0:00:00,16681.24,Debit Card,Failed
857,1140,2026-07-03 0:00:00,15044.27,Credit Card,Pending
858,384,2026-02-24 0:00:00,10342.59,Debit Card,Pending
859,28,2026-10-09 0:00:00,29876.39,Debit Card,Success
860,959,2026-02-27 0:00:00,16015.77,Credit Card,Pending
861,479,2026-05-25 0:00:00,27579.25,Debit Card,Failed
862,111,2026-12-10 0:00:00,7096.62,Credit Card,Success
863,340,2026-10-06 0:00:00,14977.74,Credit Card,Success
864,1152,2026-01-24 0:00:00,11128.31,Debit Card,Failed
865,193,2026-07-01 0:00:00,15870.34,Net Banking,Success
866,1193,2026-06-07 0:00:00,11692.69,Net Banking,Success
867,483,2027-01-01 0:00:00,21844.65,Debit Card,Pending
868,644,2026-12-14 0:00:00,24985.65,Credit Card,Pending
869,1194,2026-09-10 0:00:00,20166.31,Debit Card,Pending
870,76,2026-02-09 0:00:00,18564.02,UPI,Failed
871,359,2026-10-04 0:00:00,18241.44,Credit Card,Success
872,635,2026-07-14 0:00:00,25132.05,Credit Card,Pending
873,1064,2026-08-22 0:00:00,19436.19,Credit Card,Success
874,419,2026-11-09 0:00:00,24889.27,Debit Card,Failed
875,447,2026-09-16 0:00:00,9672.31,Credit Card,Failed
876,726,2026-02-15 0:00:00,14682.83,UPI,Pending
877,1183,2026-02-15 0:00:00,25722.52,Net Banking,Failed
878,753,2026-05-28 0:00:00,2853.6,Credit Card,Success
879,610,2026-12-23 0:00:00,8033.62,Net Banking,Failed
880,358,2026-08-09 0:00:00,11707,UPI,Failed
881,666,2026-12-08 0:00:00,17702.29,Net Banking,Success
882,177,2026-01-15 0:00:00,19278.88,Credit Card,Failed
883,63,2026-12-28 0:00:00,22730.36,UPI,Success
884,1152,2026-04-09 0:00:00,11115.18,Credit Card,Failed
885,819,2026-09-30 0:00:00,12479.01,Debit Card,Pending
886,145,2026-08-19 0:00:00,17516.78,Debit Card,Success
887,212,2026-08-08 0:00:00,12920.25,UPI,Pending
888,101,2026-07-20 0:00:00,27102.89,Net Banking,Success
889,201,2026-07-21 0:00:00,4930.33,Credit Card,Failed
890,209,2026-10-07 0:00:00,15591.07,Credit Card,Pending
891,234,2026-12-02 0:00:00,29508.29,Credit Card,Pending
892,701,2026-01-05 0:00:00,19115.77,Net Banking,Pending
893,437,2026-10-01 0:00:00,3405.26,UPI,Success
894,998,2026-10-18 0:00:00,23891.25,Credit Card,Failed
895,589,2026-12-23 0:00:00,13805.96,UPI,Pending
896,850,2026-04-26 0:00:00,18017.55,Credit Card,Pending
897,754,2026-10-19 0:00:00,3018.32,Net Banking,Failed
898,676,2026-11-27 0:00:00,27586.36,Net Banking,Success
899,44,2026-06-18 0:00:00,13892.89,UPI,Failed
900,778,2026-04-04 0:00:00,15280.18,UPI,Success
901,241,2026-12-24 0:00:00,12605.74,Net Banking,Success
902,149,2026-04-23 0:00:00,15279.96,UPI,Failed
903,623,2026-07-17 0:00:00,2525.09,Net Banking,Pending
904,43,2026-09-15 0:00:00,18819.18,Net Banking,Failed
905,789,2026-02-22 0:00:00,12196.27,UPI,Success
906,60,2026-08-07 0:00:00,22405.34,Net Banking,Failed
907,28,2026-03-16 0:00:00,25674.68,Debit Card,Pending
908,453,2026-09-22 0:00:00,22623.73,Credit Card,Pending
909,512,2026-03-06 0:00:00,6973.35,Net Banking,Success
910,1043,2026-12-22 0:00:00,26985.19,Credit Card,Pending
911,587,2026-04-09 0:00:00,11128.57,Credit Card,Success
912,1141,2026-03-24 0:00:00,18907.17,UPI,Pending
913,20,2026-07-09 0:00:00,28104.67,UPI,Success
914,1103,2026-01-25 0:00:00,25092.64,Debit Card,Failed
915,151,2026-11-09 0:00:00,3448.06,Credit Card,Pending
916,1076,2026-08-28 0:00:00,12304.32,UPI,Failed
917,1077,2026-02-12 0:00:00,25658.94,Net Banking,Success
918,928,2026-10-09 0:00:00,29400.72,Debit Card,Failed
919,334,2026-10-19 0:00:00,9325.89,Credit Card,Failed
920,892,2026-07-01 0:00:00,20304.7,Credit Card,Pending
921,950,2026-10-22 0:00:00,23869.51,Net Banking,Success
922,317,2026-08-31 0:00:00,8808.82,Credit Card,Failed
923,474,2026-07-31 0:00:00,29510.6,Debit Card,Failed
924,900,2026-09-03 0:00:00,15372.27,UPI,Pending
925,132,2026-01-01 0:00:00,8783.54,Net Banking,Pending
926,287,2026-10-31 0:00:00,3558.75,Net Banking,Success
927,21,2026-09-08 0:00:00,22380.78,UPI,Pending
928,263,2026-01-20 0:00:00,28549.88,Debit Card,Success
929,469,2026-01-31 0:00:00,22884.65,UPI,Success
930,84,2026-12-11 0:00:00,7253.07,Debit Card,Failed
931,191,2026-12-16 0:00:00,7557.9,Credit Card,Failed
932,263,2026-10-17 0:00:00,23555.53,Net Banking,Pending
933,859,2026-07-01 0:00:00,12277.49,Net Banking,Success
934,277,2026-01-14 0:00:00,16489.95,Credit Card,Success
935,306,2026-11-02 0:00:00,23513.51,UPI,Success
936,334,2026-06-03 0:00:00,24911.07,UPI,Success
937,1029,2026-11-09 0:00:00,14479.19,UPI,Success
938,744,2026-09-10 0:00:00,12999.74,Net Banking,Pending
939,253,2026-04-29 0:00:00,22711.84,UPI,Success
940,1162,2026-08-30 0:00:00,6369.21,Debit Card,Success
941,888,2026-07-15 0:00:00,22496.12,Credit Card,Pending
942,840,2026-03-30 0:00:00,17384.64,UPI,Failed
943,686,2026-12-05 0:00:00,11412.62,Credit Card,Failed
944,827,2026-05-03 0:00:00,25584.12,UPI,Pending
945,917,2026-05-26 0:00:00,5058.95,Debit Card,Pending
946,1124,2026-06-23 0:00:00,4573.62,Debit Card,Success
947,1167,2026-11-02 0:00:00,25517.32,UPI,Pending
948,954,2026-02-09 0:00:00,3314.71,Debit Card,Failed
949,484,2026-02-28 0:00:00,23406.86,Debit Card,Pending
950,642,2026-10-03 0:00:00,16238.31,Credit Card,Success
951,788,2026-03-09 0:00:00,18137.3,UPI,Success
952,561,2026-07-09 0:00:00,7368.64,Credit Card,Failed
953,833,2026-06-02 0:00:00,15417.97,Credit Card,Failed
954,239,2026-12-10 0:00:00,13700.67,Net Banking,Failed
955,58,2026-05-24 0:00:00,22637.99,Credit Card,Pending
956,6,2026-03-15 0:00:00,19284.37,Net Banking,Success
957,254,2026-09-15 0:00:00,6051.39,Credit Card,Success
958,348,2026-02-22 0:00:00,27068.61,Debit Card,Success
959,871,2026-01-23 0:00:00,2830.24,Net Banking,Failed
960,26,2026-01-31 0:00:00,13915.03,Credit Card,Pending
961,573,2026-03-07 0:00:00,10080.42,Credit Card,Failed
962,509,2026-06-01 0:00:00,20089.36,Net Banking,Success
963,572,2026-01-02 0:00:00,24912.44,Net Banking,Failed
964,1118,2026-01-22 0:00:00,27962.28,Credit Card,Success
965,753,2026-08-17 0:00:00,22159.2,Credit Card,Pending
966,416,2026-09-22 0:00:00,7637.24,Net Banking,Failed
967,281,2026-01-14 0:00:00,9778.71,UPI,Failed
968,843,2026-01-24 0:00:00,18931.39,UPI,Success
969,525,2026-03-12 0:00:00,8030.76,Net Banking,Failed
970,922,2026-03-15 0:00:00,21682.93,UPI,Failed
971,746,2026-02-18 0:00:00,6596,Debit Card,Pending
972,1030,2026-06-12 0:00:00,29634.42,Debit Card,Pending
973,261,2026-04-06 0:00:00,28703.96,Credit Card,Pending
974,426,2026-05-15 0:00:00,19265.46,Debit Card,Success
975,219,2026-08-26 0:00:00,22962.53,UPI,Success
976,878,2026-11-19 0:00:00,24170.32,UPI,Pending
977,166,2026-11-02 0:00:00,23231.84,Credit Card,Pending
978,830,2026-09-27 0:00:00,7576.46,Credit Card,Success
979,103,2026-08-26 0:00:00,21797.88,Debit Card,Pending
980,822,2026-02-22 0:00:00,9498.02,Debit Card,Pending
981,479,2026-06-13 0:00:00,18641.84,Net Banking,Failed
982,86,2026-10-14 0:00:00,6703.74,Net Banking,Failed
983,1118,2026-08-17 0:00:00,6103.85,Credit Card,Failed
984,588,2026-01-25 0:00:00,21392.85,Net Banking,Success
985,453,2026-11-20 0:00:00,12632.64,Credit Card,Failed
986,630,2026-03-09 0:00:00,22224.58,UPI,Pending
987,239,2026-04-15 0:00:00,20049.92,UPI,Success
988,825,2026-11-14 0:00:00,18326.4,Credit Card,Failed
989,304,2026-12-17 0:00:00,17400.71,Credit Card,Pending
990,1015,2026-12-27 0:00:00,16065.4,Credit Card,Success
991,1168,2026-06-30 0:00:00,19012.26,Credit Card,Failed
992,188,2026-04-22 0:00:00,16534.34,Credit Card,Pending
993,649,2026-11-20 0:00:00,17982.2,Credit Card,Success
994,350,2026-12-31 0:00:00,17946.4,Net Banking,Pending
995,339,2026-11-06 0:00:00,8894.3,Net Banking,Failed
996,1153,2026-12-20 0:00:00,16601.64,UPI,Failed
997,500,2026-02-20 0:00:00,2570.82,Credit Card,Pending
998,558,2026-12-11 0:00:00,21409.94,UPI,Pending
999,256,2026-07-09 0:00:00,16594.24,Debit Card,Failed
1000,1054,2026-12-21 0:00:00,28031.76,Debit Card,Pending
1001,687,2026-02-18 0:00:00,11999.36,UPI,Success
1002,870,2026-09-07 0:00:00,25514.42,Net Banking,Pending
1003,877,2026-03-28 0:00:00,10390.8,Net Banking,Success
1004,919,2026-11-10 0:00:00,25782.94,UPI,Pending
1005,868,2026-05-13 0:00:00,5761.71,Net Banking,Pending
1006,491,2026-05-08 0:00:00,5801.33,Credit Card,Failed
1007,789,2026-11-12 0:00:00,25416.76,Debit Card,Success
1008,601,2026-12-19 0:00:00,11343.62,Net Banking,Success
1009,573,2026-06-07 0:00:00,29518.33,Debit Card,Pending
1010,552,2026-05-25 0:00:00,17934.1,UPI,Pending
1011,64,2026-09-08 0:00:00,20077.24,Debit Card,Success
1012,1122,2026-09-03 0:00:00,6735.16,Net Banking,Failed
1013,884,2026-08-08 0:00:00,14132.42,Debit Card,Failed
1014,501,2026-08-24 0:00:00,28573.68,Debit Card,Failed
1015,1011,2026-07-24 0:00:00,7142.73,UPI,Failed
1016,925,2026-04-24 0:00:00,13454.11,UPI,Pending
1017,611,2026-10-21 0:00:00,17207.85,UPI,Success
1018,939,2026-12-20 0:00:00,20694.99,Credit Card,Failed
1019,916,2026-02-23 0:00:00,7249.17,UPI,Pending
1020,408,2026-06-22 0:00:00,3269.78,Debit Card,Success
1021,797,2026-04-18 0:00:00,17737.58,Credit Card,Failed
1022,106,2026-11-29 0:00:00,16619.41,Credit Card,Pending
1023,711,2026-05-31 0:00:00,20292.44,UPI,Failed
1024,341,2026-05-12 0:00:00,9465.49,UPI,Success
1025,1003,2026-10-08 0:00:00,9981.06,Debit Card,Failed
1026,389,2026-04-14 0:00:00,25329.29,Debit Card,Success
1027,1063,2026-04-20 0:00:00,8474.16,Credit Card,Pending
1028,826,2026-09-28 0:00:00,14230.8,Debit Card,Pending
1029,698,2026-06-27 0:00:00,10060.13,Debit Card,Success
1030,445,2026-09-21 0:00:00,8682.46,UPI,Pending
1031,1064,2026-01-06 0:00:00,16529.11,Net Banking,Pending
1032,598,2026-08-18 0:00:00,6127.95,UPI,Pending
1033,197,2026-12-17 0:00:00,25827.57,Net Banking,Success
1034,20,2026-10-12 0:00:00,7968.56,Net Banking,Success
1035,283,2026-11-26 0:00:00,13255.15,UPI,Pending
1036,472,2026-04-17 0:00:00,23453.62,Debit Card,Success
1037,892,2026-04-11 0:00:00,10062.01,Net Banking,Success
1038,31,2026-08-03 0:00:00,29028.39,Net Banking,Pending
1039,148,2026-06-25 0:00:00,7888.72,Debit Card,Failed
1040,600,2026-07-15 0:00:00,13860.31,Net Banking,Pending
1041,675,2026-11-20 0:00:00,11582.9,Net Banking,Pending
1042,49,2026-12-16 0:00:00,14795.13,Debit Card,Failed
1043,348,2026-11-26 0:00:00,19492.87,Debit Card,Success
1044,992,2026-08-27 0:00:00,11228.25,Net Banking,Success
1045,357,2026-02-08 0:00:00,4030.29,UPI,Pending
1046,688,2026-08-15 0:00:00,26380.95,Debit Card,Pending
1047,723,2026-03-24 0:00:00,8907.74,Net Banking,Pending
1048,357,2026-08-27 0:00:00,25845.36,Credit Card,Success
1049,345,2026-10-15 0:00:00,15551.45,Net Banking,Success
1050,938,2026-04-04 0:00:00,9204.65,Credit Card,Failed
1051,356,2026-02-20 0:00:00,15251,Credit Card,Success
1052,264,2026-11-05 0:00:00,4542.05,Net Banking,Failed
1053,1162,2026-08-28 0:00:00,9687.9,Credit Card,Pending
1054,362,2026-09-30 0:00:00,24687.59,Credit Card,Failed
1055,918,2026-12-28 0:00:00,21593.71,Debit Card,Pending
1056,517,2026-02-09 0:00:00,29121.15,UPI,Pending
1057,959,2026-06-24 0:00:00,28966.89,UPI,Failed
1058,59,2026-07-22 0:00:00,11088.32,Net Banking,Failed
1059,314,2026-11-22 0:00:00,26316.42,Net Banking,Success
1060,1108,2026-01-05 0:00:00,22042.91,UPI,Failed
1061,336,2026-11-11 0:00:00,20003.04,UPI,Pending
1062,805,2026-02-24 0:00:00,22650.86,Credit Card,Failed
1063,176,2026-07-21 0:00:00,16431.54,Net Banking,Success
1064,678,2026-11-04 0:00:00,5772.56,Debit Card,Pending
1065,845,2026-06-11 0:00:00,26077.27,Credit Card,Failed
1066,43,2026-12-25 0:00:00,10704.22,Debit Card,Pending
1067,697,2026-12-24 0:00:00,4718.57,Credit Card,Failed
1068,1053,2026-07-04 0:00:00,25818.91,Credit Card,Success
1069,378,2026-03-20 0:00:00,21641.63,Net Banking,Success
1070,1091,2026-01-21 0:00:00,21855.22,Net Banking,Success
1071,844,2026-07-09 0:00:00,14963.72,Credit Card,Pending
1072,602,2026-07-28 0:00:00,17289.23,Credit Card,Failed
1073,1071,2026-09-26 0:00:00,18575.14,Net Banking,Failed
1074,458,2026-12-16 0:00:00,10493.26,Credit Card,Pending
1075,561,2026-10-03 0:00:00,22325.76,Debit Card,Pending
1076,370,2026-08-22 0:00:00,18147.17,Net Banking,Pending
1077,440,2026-11-17 0:00:00,6738.29,Net Banking,Pending
1078,791,2026-08-22 0:00:00,21752.63,Debit Card,Success
1079,180,2026-10-28 0:00:00,21870.11,Credit Card,Pending
1080,387,2026-10-29 0:00:00,11603.17,UPI,Success
1081,34,2026-12-17 0:00:00,2736.1,Net Banking,Failed
1082,935,2026-10-13 0:00:00,6401.91,Net Banking,Pending
1083,981,2026-09-05 0:00:00,10369.33,Credit Card,Pending
1084,1131,2026-03-05 0:00:00,6456.3,UPI,Pending
1085,770,2026-10-13 0:00:00,3484.27,Debit Card,Pending
1086,1046,2026-07-11 0:00:00,2790.98,Net Banking,Failed
1087,747,2026-11-16 0:00:00,26712.48,Net Banking,Success
1088,872,2026-01-13 0:00:00,9777.86,UPI,Failed
1089,115,2026-06-20 0:00:00,25831.68,Net Banking,Failed
1090,417,2026-07-22 0:00:00,8634.34,Credit Card,Pending
1091,45,2026-10-25 0:00:00,8975.95,Debit Card,Failed
1092,237,2026-01-16 0:00:00,3766.98,Credit Card,Success
1093,924,2027-01-01 0:00:00,27324.03,Net Banking,Pending
1094,1059,2026-09-29 0:00:00,16339.65,Debit Card,Success
1095,374,2026-05-24 0:00:00,9750.75,Net Banking,Failed
1096,1045,2026-03-29 0:00:00,10009.74,Debit Card,Pending
1097,757,2026-07-04 0:00:00,26067.43,Credit Card,Pending
1098,1077,2026-03-29 0:00:00,10757.25,UPI,Pending
1099,861,2026-03-28 0:00:00,4182.42,Credit Card,Success
1100,1187,2026-12-20 0:00:00,28089.28,Debit Card,Pending
1101,839,2026-07-28 0:00:00,14700.84,Net Banking,Pending
1102,600,2026-05-28 0:00:00,3010.7,UPI,Failed
1103,616,2026-03-09 0:00:00,14062.95,Credit Card,Failed
1104,852,2026-11-05 0:00:00,28686.16,UPI,Failed
1105,298,2026-09-02 0:00:00,4148.29,Net Banking,Pending
1106,851,2026-08-02 0:00:00,14311.75,Net Banking,Failed
1107,969,2026-08-11 0:00:00,18245.25,Net Banking,Pending
1108,1031,2026-03-02 0:00:00,18813.72,Net Banking,Failed
1109,844,2026-03-01 0:00:00,6370.88,Net Banking,Pending
1110,873,2026-11-07 0:00:00,7669.72,UPI,Success
1111,620,2026-03-02 0:00:00,13032.72,Debit Card,Success
1112,889,2026-10-31 0:00:00,5191.02,Net Banking,Success
1113,115,2026-06-23 0:00:00,14097.33,Credit Card,Pending
1114,59,2026-10-28 0:00:00,24238.9,Debit Card,Pending
1115,288,2026-08-27 0:00:00,2784.44,Net Banking,Failed
1116,260,2026-05-12 0:00:00,2991.82,Credit Card,Failed
1117,1032,2026-11-09 0:00:00,10398.09,Net Banking,Failed
1118,880,2026-12-31 0:00:00,10802.59,Debit Card,Success
1119,954,2026-08-27 0:00:00,3936,Debit Card,Pending
1120,92,2026-09-19 0:00:00,28456.53,Debit Card,Failed
1121,661,2026-06-22 0:00:00,27077.19,Credit Card,Failed
1122,595,2026-08-05 0:00:00,19707.81,Debit Card,Success
1123,955,2026-01-08 0:00:00,11502.24,Net Banking,Pending
1124,167,2026-03-03 0:00:00,3452.24,Debit Card,Success
1125,346,2026-04-16 0:00:00,29799.31,UPI,Failed
1126,123,2026-12-24 0:00:00,9495.54,Credit Card,Failed
1127,167,2026-12-11 0:00:00,19935.95,Net Banking,Pending
1128,521,2026-11-09 0:00:00,17375.51,UPI,Success
1129,289,2026-08-18 0:00:00,21279.82,UPI,Pending
1130,145,2026-12-19 0:00:00,11703.93,Debit Card,Success
1131,281,2026-04-02 0:00:00,5839.94,Debit Card,Pending
1132,428,2026-12-21 0:00:00,24033.86,UPI,Pending
1133,198,2026-06-15 0:00:00,19744.04,Net Banking,Failed
1134,491,2026-05-29 0:00:00,18258.87,UPI,Success
1135,509,2026-07-06 0:00:00,23650.4,Debit Card,Pending
1136,1165,2026-02-15 0:00:00,3643.08,UPI,Failed
1137,503,2026-02-19 0:00:00,9799.34,Net Banking,Success
1138,32,2026-05-30 0:00:00,14205.72,Debit Card,Pending
1139,441,2026-12-26 0:00:00,10257.06,UPI,Pending
1140,218,2026-02-16 0:00:00,3970.2,UPI,Failed
1141,503,2026-08-04 0:00:00,23867.88,Credit Card,Success
1142,454,2026-07-30 0:00:00,15230.41,Credit Card,Failed
1143,1103,2026-05-01 0:00:00,14921.11,UPI,Failed
1144,344,2026-12-27 0:00:00,24314.96,Net Banking,Success
1145,1130,2026-09-30 0:00:00,3653.09,Net Banking,Failed
1146,824,2026-07-04 0:00:00,14691.88,Debit Card,Failed
1147,792,2026-02-24 0:00:00,29952.75,Debit Card,Failed
1148,1087,2026-05-18 0:00:00,12544.63,Net Banking,Failed
1149,261,2026-09-14 0:00:00,15593.19,Debit Card,Pending
1150,286,2026-10-24 0:00:00,18970.3,Debit Card,Success
1151,637,2026-07-12 0:00:00,18294.91,Credit Card,Success
1152,817,2026-06-11 0:00:00,7510.46,Net Banking,Failed
1153,642,2026-09-02 0:00:00,15254.82,UPI,Success
1154,962,2026-07-15 0:00:00,8155,UPI,Failed
1155,1129,2026-07-25 0:00:00,7913.11,UPI,Pending
1156,298,2026-08-16 0:00:00,2637.97,Credit Card,Success
1157,270,2026-01-30 0:00:00,2693.96,UPI,Success
1158,467,2026-09-17 0:00:00,21581.38,UPI,Success
1159,992,2026-06-15 0:00:00,24804.96,Net Banking,Success
1160,38,2026-05-04 0:00:00,28319.65,Debit Card,Pending
1161,517,2026-04-15 0:00:00,4575.94,Net Banking,Failed
1162,27,2026-11-30 0:00:00,24411.93,Debit Card,Pending
1163,235,2026-11-14 0:00:00,14681.05,Net Banking,Pending
1164,468,2026-04-01 0:00:00,28084.89,UPI,Success
1165,341,2026-01-22 0:00:00,2877.24,Debit Card,Success
1166,821,2026-04-19 0:00:00,27538.02,Net Banking,Failed
1167,237,2026-07-14 0:00:00,14632,Net Banking,Success
1168,676,2026-12-11 0:00:00,23484.27,UPI,Success
1169,523,2026-10-02 0:00:00,23276.61,UPI,Success
1170,1086,2026-04-11 0:00:00,25561.79,UPI,Pending
1171,350,2026-10-22 0:00:00,10157.01,UPI,Success
1172,719,2026-02-10 0:00:00,14164.53,Net Banking,Success
1173,51,2026-06-02 0:00:00,26738.71,Credit Card,Success
1174,159,2026-10-26 0:00:00,14818.56,Debit Card,Success
1175,956,2026-06-10 0:00:00,20186.63,Net Banking,Pending
1176,1179,2026-12-14 0:00:00,15638.23,UPI,Failed
1177,470,2026-02-18 0:00:00,26883.44,UPI,Failed
1178,467,2026-02-04 0:00:00,9189.25,Net Banking,Success
1179,365,2026-02-27 0:00:00,28789.86,Net Banking,Pending
1180,288,2026-06-06 0:00:00,15149.94,Net Banking,Success
1181,1014,2026-07-19 0:00:00,14529.37,Net Banking,Failed
1182,779,2026-08-17 0:00:00,25379.4,UPI,Success
1183,965,2026-01-25 0:00:00,20471.74,Net Banking,Success
1184,570,2026-09-27 0:00:00,29085.19,UPI,Pending
1185,1008,2026-10-24 0:00:00,12391.74,UPI,Failed
1186,754,2026-05-09 0:00:00,12301.89,Net Banking,Failed
1187,126,2026-12-04 0:00:00,7082.45,Debit Card,Pending
1188,1122,2026-10-20 0:00:00,5771.55,Credit Card,Pending
1189,359,2026-11-07 0:00:00,21650.37,Credit Card,Failed
1190,1101,2026-05-21 0:00:00,26416.79,UPI,Pending
1191,106,2026-03-22 0:00:00,4093.18,Debit Card,Pending
1192,766,2026-11-05 0:00:00,23481.55,Debit Card,Failed
1193,1183,2026-04-01 0:00:00,17489.83,Credit Card,Failed
1194,222,2026-07-09 0:00:00,16010.28,UPI,Pending
1195,1125,2026-06-09 0:00:00,16774.79,Credit Card,Pending
1196,259,2026-11-18 0:00:00,29044.33,Credit Card,Failed
1197,907,2026-08-24 0:00:00,20843.88,UPI,Failed
1198,309,2026-04-20 0:00:00,29956,Credit Card,Failed
1199,492,2026-02-05 0:00:00,12248.74,Net Banking,Pending
1200,597,2026-04-08 0:00:00,17938.41,Net Banking,Failed
